Ingredients,Generated Recipe
"[""Flour"", ""Salt"", ""Baking Powder"", ""Sugar"", ""Crisco"", ""egg"", ""vinegar"", ""Water""]","Flour and Salt Crackers

Ingredients:

- 2 cups all-purpose flour 
- 1 teaspoon salt 
- 1 teaspoon baking powder 
- 1/4 cup sugar 
- 1/4 cup Crisco 
- 1 egg 
- 1 tablespoon white vinegar 
- 1/4 cup water

Instructions:

1. Preheat oven to 375°F.

2. In a large bowl, combine the flour, salt, baking powder, and sugar.

3. Cut in the Crisco until the mixture resembles coarse meal.

4. In a small bowl, whisk together the egg, vinegar and water.

5. Add the wet ingredients to the dry ingredients, stirring until just combined.

6. Turn dough out onto a lightly floured surface and knead for 1 minute.

7. Roll out dough to 1/8 inch thick and cut into desired shapes. (A pizza cutter works great for this.)

8. Place crackers on a lightly greased baking sheet.

9. Bake for 10-15 minutes, or until golden brown.

10. Cool on wire racks before serving."
"[""thin pretzels"", ""margarine""]","Thin Pretzel Margarine Cookies

Ingredients:

- 2 cups of thin pretzels
- 1 cup of softened margarine
- ½ cup of granulated sugar
- 2 tablespoons of light corn syrup
- 2 teaspoons of vanilla extract

Directions:

1. Preheat oven to 350°F.

2. Line a baking sheet with parchment paper, set aside.

3. Place the pretzels in a food processor and process until they become crumbs.

4. In a medium bowl, combine the processed pretzel crumbs, margarine, sugar, and corn syrup. Mix well until fully combined.

5. Using a spoon or cookie scoop, take 1 tablespoon of dough and roll into balls. Place on the prepared baking sheet.

6. Bake for 10-12 minutes until lightly golden brown.

7. Remove from oven and allow to cool slightly before transferring to a wire cooling rack.

8. Enjoy!"
"[""sugar"", ""orange juice"", ""lemon juice""]","Orange and Lemon Juice Refresher
Ingredients:
- Sugar, 2 tablespoons
- Orange juice, 1 cup
- Lemon juice, 1/2 cup

Instructions:
1. In a blender or food processor, combine the sugar, orange juice, and lemon juice.
2. Blend until the mixture is smooth and free of any chunks.
3. Pour the mixture into glasses and serve immediately. Enjoy!"
"[""sour cream"", ""mayo"", ""parsley flakes"", ""onion"", ""Worcestershire sauce"", ""Accent"", ""season salt"", ""dill weed""]","Sour Cream Parsley Flakes Salad

Ingredients:
1 cup sour cream
1/4 cup mayo
2 tablespoons parsley flakes
2 tablespoons minced onion
1 tablespoon Worcestershire sauce
1 teaspoon Accent seasoning
1/2 teaspoon sea salt
1/4 teaspoon dill weed

Instructions:
1. In a large bowl, whisk together the sour cream, mayo, parsley flakes, minced onion, Worcestershire sauce, Accent seasoning, sea salt and dill weed. 
2. Mix until all ingredients are well combined. 
3. Serve chilled as a side dish or as a topping over a bed of greens. Enjoy!"
"[""sugar"", ""water"", ""active dry yeast"", ""milk"", ""water"", ""salt"", ""sugar"", ""baking powder"", ""raisins"", ""egg yolks"", ""egg whites"", ""flour"", ""oil""]","No-Knead Raisin Bread:

Ingredients:

-1/4 cup active dry yeast 
-2 teaspoons sugar 
-2 cups warm water 
-1 teaspoon salt 
-4 tablespoons sugar 
-3 cups all purpose flour 
-3/4 cup raisins 
-2 eggs (yolks and whites separated) 
-1 cup milk 
-2 tablespoons oil 
-2 tablespoons baking powder 

Instructions:

1. In a large bowl, combine the yeast, 2 teaspoons of sugar and warm water. Stir to combine and set aside for 10 minutes until foamy.

2. Add the salt, 4 tablespoons of sugar, flour, raisins, egg yolks and milk to the bowl.

3. Mix together with a wooden spoon until the ingredients are combined.

4. Add the oil, baking powder and egg whites. Mix together until a soft dough forms.

5. Turn the dough out onto a lightly floured surface and knead for 5 minutes until the dough is smooth.

6. Place the dough in a greased bowl, cover and let rise for 1 hour or until doubled in size.

7. Preheat the oven to 375F.

8. Punch down the dough and shape into a loaf. Place on a greased baking sheet.

9. Bake for 35-40 minutes until golden brown.

10. Let cool before slicing. Enjoy!"
"[""sweet roll"", ""cinnamon"", ""nuts"", ""milk"", ""butter"", ""brown sugar"", ""vanilla pudding""]","Cinnamon Sweet Roll Bake

Ingredients:

- 2 cans of cinnamon sweet rolls with icing
- ½ cup chopped nuts
- ¼ cup milk
- 2 tablespoons butter, melted 
- 4 tablespoons light brown sugar
- 1 teaspoon vanilla extract
- Vanilla pudding mix

Instructions:

1. Preheat oven to 350°F and lightly grease a 9x13 inch baking dish. 
2. Unroll the cinnamon sweet rolls onto a cutting board and spread the chopped nuts over the surface.
3. Cut the dough into 6 equal pieces.
4. Roll each piece up and place in the greased baking dish.
5. In a small bowl, whisk together the milk, melted butter, brown sugar, and vanilla extract.
6. Pour the mixture evenly over the sweet rolls.
7. Sprinkle the vanilla pudding mix over the sweet roll bake.
8. Bake for 25-30 minutes until golden brown.
9. Let cool before serving. Enjoy!"
"[""chicken"", ""carrots"", ""garlic"", ""green bell pepper"", ""brown rice"", ""chili powder"", ""tomato sauce"", ""garlic"", ""pepper"", ""water"", ""cider vinegar"", ""onion"", ""olive oil"", ""bay leaf""]","Spicy Chicken and Rice

Ingredients: 

- 2 chicken breasts, cubed 
- 2 large carrots, diced 
- 2 cloves of garlic, minced 
- 1 green bell pepper, chopped 
- 1 cup of brown rice 
- 1 teaspoon of chili powder 
- 1/2 cup of tomato sauce 
- 1/4 teaspoon of garlic powder 
- 1/4 teaspoon of ground black pepper 
- 1/2 cup of water 
- 2 tablespoons of cider vinegar 
- 1/4 cup of diced onion 
- 2 tablespoons of olive oil 
- 1 bay leaf

Instructions:

1. Preheat a large skillet over medium heat and add olive oil. 
2. Add the diced onion and sauté for 5 minutes until lightly browned. 
3. Add in the chicken cubes and cook for 8 minutes, stirring occasionally, or until lightly golden.
4. Add the carrots, green bell peppers, garlic, garlic powder, chili powder, and ground black pepper. Stir to combine. 
5. Pour in the tomato sauce, water, cider vinegar, and bay leaf. Stir to combine. 
6. Increase the heat to high and bring the mixture to a boil. 
7. Reduce the heat to low and let simmer for 15 minutes. 
8. Add in the brown rice, stir to combine, and cover the skillet with a lid. 
9. Simmer for 25 minutes or until the rice is cooked through and most of the liquid has been absorbed. 
10. Remove from heat and serve warm. Enjoy!"
"[""sweet potatoes"", ""green bell pepper"", ""onion"", ""lemon pepper"", ""mayonnaise"", ""pepper""]","Sweet Potato Fritters with Green Bell Pepper, Onion, Lemon Pepper, and Mayonnaise

Ingredients:

-3 large sweet potatoes, peeled and grated
-1/2 green bell pepper, chopped
-1/4 onion, chopped
-1 teaspoon lemon pepper
-2 tablespoons mayonnaise
-Salt and pepper to taste

Instructions:

1. In a bowl, mix together the grated sweet potatoes, bell pepper, onion, lemon pepper, and mayonnaise until everything is well combined.

2. Season with salt and pepper to taste.

3. Heat a large skillet over medium heat and add a few tablespoons of oil.

4. Form the potato mixture into patties, about 3 inches in diameter, and place into the hot skillet.

5. Cook for about 4 minutes on each side until golden brown.

6. Serve warm with your favorite dipping sauce. Enjoy!"
"[""sugar"", ""flour"", ""baking soda"", ""salt"", ""orange"", ""shortening""]","Orange Shortening Cookies 
Ingredients:
- 1 cup sugar 
- 2 cups flour 
- 1 teaspoon baking soda 
- ¼ teaspoon salt 
- ½ cup shortening 
- 1 teaspoon orange extract 
Instructions: 
1. Preheat oven to 375°F. 
2. In a medium bowl, mix together the sugar, flour, baking soda and salt. 
3. Cut in the shortening with a pastry blender or two forks until it resembles coarse crumbs. 
4. Add the orange extract and mix until incorporated.
5. Drop by rounded tablespoonfuls onto an ungreased cookie sheet. 
6. Bake for 10 to 12 minutes or until golden brown. 
7. Let cool slightly before transferring to cooling racks."
"[""vegetable shortening"", ""eggs"", ""milk"", ""vanilla"", ""margarine"", ""sugar"", ""flour""]","Vanilla Shortening Egg Cake

Ingredients:

- ½ cup shortening
- 2 eggs
- 1 cup milk
- 1 teaspoon vanilla
- 2 tablespoons margarine
- ¾ cup sugar
- 1 ¾ cups flour

Instructions:

1. Preheat oven to 350°F (175°C). Grease and lightly flour an 8-inch cake pan.

2. In a medium bowl, cream together the shortening, eggs and milk until light and fluffy.

3. Add the vanilla, margarine, sugar and flour and mix until just combined.

4. Pour the batter into the prepared pan and bake for 25–30 minutes, or until a toothpick inserted in the center comes out clean.

5. Allow the cake to cool before serving. Enjoy!"
"[""ground sausage"", ""noodles"", ""rosemary"", ""basil"", ""cayenne pepper"", ""sage"", ""oregano"", ""bell pepper"", ""onion"", ""watch"", ""mozzarella cheese""]","Sausage and Noodle Casserole with Rosemary, Basil, Cayenne Pepper, Sage, Oregano, Bell Pepper, Onion, and Mozzarella Cheese

Ingredients:

- 2 tablespoons olive oil
- 1 pound ground sausage
- 1 large onion, chopped
- 2 cloves garlic, minced
- 8 ounces dry egg noodles
- 4 cups chicken broth
- 1 teaspoon dried rosemary
- 1 teaspoon dried basil
- 1 teaspoon dried sage
- 1 teaspoon dried oregano
- 1/2 teaspoon cayenne pepper
- 1 bell pepper, chopped
- 1/4 cup grated mozzarella cheese
- Salt and pepper to taste

Instructions:

1. Preheat oven to 375 degrees F (190 degrees C).

2. Heat olive oil in a large skillet over medium heat. Add the ground sausage and cook until browned, stirring occasionally, about 5 minutes. Add the onion and garlic and cook for another 3 minutes.

3. In a 9 x 13 inch baking dish, combine the cooked sausage mixture, egg noodles, chicken broth, rosemary, basil, sage, oregano, cayenne pepper, bell pepper, and mozzarella cheese. Stir to combine, then season with salt and pepper.

4. Cover the dish with aluminum foil and bake in preheated oven for 45 minutes, or until noodles are tender."
"[""mushrooms"", ""butter"", ""basil"", ""salt"", ""whipping cream"", ""Parmesan cheese"", ""tomatoes""]","Sauteed Mushroom Basil Parmesan Cream Pasta
Ingredients:
- 2 cups mushrooms, sliced
- 1/4 cup butter
- 2 tablespoons minced fresh basil, plus extra for garnish
- 1 teaspoon salt
- 1/2 cup heavy whipping cream
- 1/3 cup grated Parmesan cheese
- 1/2 cup diced tomatoes
Instructions:
1. Heat a large skillet over medium heat and add butter.
2. Once melted, add in mushrooms, season with salt and cook until golden brown and fragrant, about 5 minutes.
3. Add in minced basil and stir to combine.
4. Reduce the heat to low and add in the heavy whipping cream and Parmesan cheese. Stir until fully combined and creamy.
5. Taste for seasoning and adjust if needed.
6. Add in the diced tomatoes and simmer for another 2 minutes.
7. Serve over cooked pasta and garnish with extra basil, if desired. Enjoy!"
"[""wieners"", ""bottles""]","Wiener and Bottle Sandwich

Ingredients:

-4 wieners
-2 bottles
-4 slices of your favorite bread
-Salt to taste
-1 tsp of butter

Instructions:

1. Preheat a skillet or griddle over medium heat.

2. Slice the wieners in half lengthwise and place them on the preheated skillet.

3. Place the bottles in the center of the skillet.

4. Fry the wieners and bottles for about 5 minutes, flipping halfway through.

5. Butter one side of each slice of bread.

6. Place the fried ingredients on one piece of bread and top with the remaining slice of bread.

7. Sprinkle with salt to taste.

8. Serve warm. Enjoy!"
"[""green pepper"", ""onion"", ""garlic"", ""oil"", ""tomatoes"", ""kidney beans"", ""pinto beans"", ""whole kernel corn"", ""water"", ""long grain rice"", ""chili powder"", ""ground cumin""]","Mexican Rice with Kidney Beans:

Ingredients:
- 2 tablespoons olive oil
- 1 green pepper, diced
- 1 onion, diced
- 3 garlic cloves, minced
- 2 tomatoes, diced
- ½ cup kidney beans, cooked
- ½ cup pinto beans, cooked
- ¼ cup whole kernel corn
- 2 cups water
- 1 cup long grain rice
- 1 teaspoon chili powder
- 1 teaspoon ground cumin

Instructions:

1. Heat the oil in a large skillet over medium heat.

2. Add the green pepper and onion, and cook for about 5 minutes until softened.

3. Add the garlic, tomatoes, beans, and corn and cook for another minute.

4. Add the water, rice, chili powder and cumin, and bring to a boil.

5. Reduce the heat to low, cover, and simmer for about 20 minutes until the rice is cooked through and most of the liquid is absorbed.

6. Serve hot topped with freshly chopped cilantro, if desired. Enjoy!"
"[""chocolate cake mix"", ""containers"", ""Kahlua liqueur""]","Chocolate Cake Mix and Kahlua Liquer Cupcakes
Ingredients:
-1 box of chocolate cake mix 
-3 eggs 
-1/2 cup vegetable oil 
-1/3 cup water 
-1/4 cup Kahlua liquer 
-2 containers store bought frosting 

Instructions:
1. Preheat oven to 350°F. Grease or line a 12-cup muffin pan with paper liners. 
2. In a large bowl, whisk together the cake mix, eggs, oil, water and Kahlua until smooth.
3. Divide the batter among the prepared muffin cups, filling each one no more than 3/4 full. 
4. Bake for 16-20 minutes, or until a toothpick inserted in the center comes out clean. 
5. Cool completely before frosting.
6. Spread frosting on top of each cupcake. Enjoy!"
"[""corn"", ""salt"", ""sunflower oil"", ""tarragon"", ""shrimp"", ""pickled jalapeno"", ""red onion"", ""short cucumber"", ""creme fraiche"", ""lemon"", ""scallions"", ""mint"", ""cilantro""]","Corn, Salt and Sunflower Oil Shrimp Salad:

Ingredients:

• 1 lb shrimp, cooked and peeled
• 1/2 cup pickled jalapeno, chopped
• 1/2 red onion, diced
• 2 short cucumber, diced
• 2 tablespoons tarragon, chopped
• 1/3 cup creme fraiche
• Juice of 1 lemon
• 2 scallions, chopped
• 2 tablespoons mint, chopped
• 2 tablespoons cilantro, chopped

Instructions:

1. In a large bowl, combine the shrimp, pickled jalapeno, red onion, cucumber, tarragon and creme fraiche.

2. Add the lemon juice and mix to combine.

3. Stir in the scallions, mint and cilantro.

4. Serve chilled or at room temperature. Enjoy!"
"[""steak"", ""onions"", ""tomatoes"", ""clove garlic"", ""green bell peppers"", ""soy sauce"", ""sugar""]","Steak with Onion, Tomato, and Garlic Sauce

Ingredients:

-2 steaks
-1 onion, diced
-2 tomatoes, diced
-2 cloves garlic, minced
-1 green bell pepper, sliced
-2 tablespoons soy sauce
-1 tablespoon sugar

Instructions:

1. Heat a large skillet over medium-high heat and add the steaks. Cook until browned on each side and cooked through, about 8 minutes total.

2. Remove the steaks from the pan and set aside.

3. Add the onion, tomato, garlic, bell pepper, soy sauce, and sugar to the same skillet. Cook until vegetables are soft, about 5 minutes.

4. Return the steaks to the pan and toss to coat in the sauce. Cook for an additional 2-3 minutes.

5. Serve the steak with the onion, tomato, and garlic sauce. Enjoy!"
"[""heavy"", ""honey"", ""graham cracker"", ""honeydew melon"", ""cantaloupe"", ""strawberries"", ""currant jelly""]","Honey Dew Graham Cracker Melon Salad
Ingredients:
- 1 honeydew melon, cut into cubes
- 1/2 cup heavy cream
- 2 graham crackers, crushed
- 1/4 cup honey
- 1/2 cup cantaloupe, cubed
- 1/2 cup strawberries, sliced
- 1/2 cup currant jelly

Instructions:
1. In a large bowl, combine the honeydew melon cubes, heavy cream, crushed graham crackers and honey, mixing until all ingredients are combined.
2. Add in the cantaloupe cubes, strawberry slices and currant jelly, stirring to evenly distribute all the ingredients.
3. Serve chilled or at room temperature. Enjoy!"
"[""white flour"", ""whole wheat pastry flour"", ""baking powder"", ""salt"", ""brown sugar"", ""fresh chives"", ""fresh parsley"", ""thyme"", ""cheddar cheese"", ""egg"", ""milk""]","Cheesy Chive Pies
Ingredients:
- 2 cups white flour, 
- 2 cups whole wheat pastry flour,
- 2 teaspoon baking powder,
- 1/2 teaspoon salt,
- 2 tablespoon brown sugar,
- 1/4 cup finely chopped fresh chives,
- 2 tablespoons finely chopped fresh parsley,
- 1 teaspoon thyme,
- 1 cup shredded cheddar cheese,
- 1 egg,
- 1/2 cup milk.

Instructions:
1. Preheat oven to 375°F.
2. In a medium bowl, whisk together the white flour, whole wheat pastry flour, baking powder, salt, and brown sugar.
3. Stir in the chopped chives and parsley.
4. In a small bowl, lightly beat the egg and add the milk.
5. Add the wet ingredients to the dry ingredients and mix until just combined.
6. On a lightly floured surface, roll out the dough to 1/2 inch thick.
7. Cut out circles using a biscuit cutter or other round object.
8. Place the circles on a baking sheet lined with parchment paper.
9. Top each circle with a layer of cheddar cheese and sprinkle with thyme.
10. Bake for 15-20 minutes, until golden brown.
11. Enjoy!"
"[""bread slices"", ""dill pickle"", ""Swiss"", ""mein noodles""]","Swiss Dill Pickle Noodle Bread Slices

Ingredients:
- 2 cups of all-purpose flour
- 1 teaspoon baking powder
- 1/2 teaspoon salt
- 2 tablespoons butter, melted
- 1 cup finely chopped dill pickles
- 1 cup shredded Swiss cheese
- 1 cup milk
- 2 tablespoons minced fresh parsley
- 2 tablespoons chopped fresh dill

Instructions:

1. Preheat oven to 350°F (175°C). Grease a 9x13 inch baking pan.

2. In a large bowl, whisk together the flour, baking powder, and salt.

3. Add in the melted butter, dill pickles, Swiss cheese, milk, parsley, and dill. Mix until combined.

4. Spread the mixture into the prepared baking pan.

5. Bake for 30 minutes or until golden brown and a toothpick inserted into the center comes out clean.

6. Let cool completely before cutting into slices. Enjoy!"
"[""bibb lettuce"", ""chives"", ""bacon"", ""franks"", ""vinegar"", ""garlic"", ""sugar"", ""salt"", ""pepper"", ""dry mustard""]","Bacon-Wrapped Franks with Chive and Garlic Dressing 
Ingredients: 
• 8 slices of bacon
• 8 beef franks
• 2 tablespoons chives, finely chopped
• 2 cloves garlic, minced
• 1 tablespoon olive oil
• 2 tablespoons white wine vinegar
• 2 teaspoons sugar
• 1 teaspoon salt
• ½ teaspoon ground black pepper
• ½ teaspoon dry mustard

Instructions: 
1. Preheat oven to 350°F (175°C).

2. Wrap each frank with a slice of bacon, making sure to secure the ends with toothpicks. Place on a baking sheet lined with parchment paper and bake for 20 minutes.

3. Meanwhile, prepare the dressing. In a small bowl, combine chives, garlic, olive oil, vinegar, sugar, salt, pepper, and mustard. Mix well.

4. Once the franks are done baking, remove from oven and let cool for 5 minutes.

5. Drizzle with the chive and garlic dressing and serve. Enjoy!"
"[""ground beef"", ""onion"", ""olive oil"", ""pinto beans"", ""garbanzo beans"", ""black beans"", ""red beans"", ""tomatoes"", ""corn"", ""taco seasoning"", ""ranch seasoning"", ""cheddar cheese""]","Taco Skillet: 
Ingredients: 
-1 pound ground beef 
-1 onion, chopped 
-2 tablespoons olive oil 
-1 can pinto beans, drained and rinsed 
-1 can garbanzo beans, drained and rinsed 
-1 can black beans, drained and rinsed 
-1 can red beans, drained and rinsed 
-1 can diced tomatoes 
-1/2 cup corn 
-3 tablespoons taco seasoning 
-3 tablespoons ranch seasoning 
-1/2 cup cheddar cheese, grated 
Instructions: 
1. Heat the olive oil in a large skillet over medium heat. 
2. Add the ground beef and onion and cook until the beef is browned and the onion is soft, about 7 minutes. 
3. Add the pinto beans, garbanzo beans, black beans, red beans, tomatoes, corn, and seasonings to the skillet. 
4. Stir to combine and let simmer, stirring occasionally, for 8-10 minutes. 
5. Sprinkle the cheddar cheese over the top and cover with a lid to allow the cheese to melt, about 3 minutes. 
6. Serve with tortilla chips, sour cream, and your favorite taco toppings. Enjoy!"
"[""beans"", ""hamburger"", ""taco seasoning mix"", ""taco sauce"", ""sour cream"", ""Cheddar cheese"", ""Mozzarella cheese""]","Taco Bean Hamburgers
Ingredients:
- 2 cans of beans
- 1 lb ground hamburger
- 2 tablespoons taco seasoning mix
- 2 tablespoons taco sauce
- 2 tablespoons sour cream
- ½ cup shredded Cheddar cheese
- ½ cup shredded Mozarella cheese

Instructions:
1. In a large bowl, mash the beans with a fork until slightly chunky.
2. Add in the hamburger, taco seasoning mix, taco sauce, and sour cream. Mix together until well combined.
3. Form the mixture into 8 patties.
4. Heat a large skillet over medium-high heat and grease with cooking spray.
5. Place the patties in the skillet and cook for about 5 minutes on each side or until fully cooked through.
6. Top each patty with some of the cheese and cover the skillet to melt the cheese.
7. Serve the burgers on buns or as is. Enjoy!"
"[""vegetable oil"", ""skinless"", ""salt"", ""freshly ground black pepper"", ""onion"", ""saffron threads"", ""garlic"", ""tomato juice"", ""dates"", ""water"", ""long-grain rice"", ""green onions"", ""Lemon wedges""]","Vegetable Fried Rice with Dates

Ingredients:

- 2 tablespoons vegetable oil
- 1/2 pound skinless boneless chicken breasts, cut into small cubes
- 1 teaspoon salt
- 1/4 teaspoon freshly ground black pepper
- 1 medium onion, chopped
- 1/4 teaspoon saffron threads
- 4 cloves garlic, minced
- 1/4 cup tomato juice
- 3/4 cup dates, pitted and diced
- 2 1/2 cups water
- 1 cup long-grain rice
- 2 green onions, chopped
- Lemon wedges

Directions:

1. Heat the oil in a large skillet over medium-high heat. Add the chicken, salt, and pepper and cook until lightly browned, stirring occasionally, about 8 minutes.

2. Add the onion, saffron, garlic, tomato juice, dates, and water and bring to a boil.

3. Reduce the heat to low, add the rice, cover, and simmer for 20 minutes.

4. Remove from the heat and let sit for 10 minutes. Fluff with a fork and stir in the green onions.

5. Serve with lemon wedges. Enjoy!"
"[""green chilies"", ""onions"", ""tomatoes"", ""avocados"", ""salt"", ""mayonnaise""]","Green Chili, Onion and Tomato Salad with Avocado and Mayonnaise

Ingredients: 
- 2 cups diced green chilies
- 1 onion, diced
- 2 large tomatoes, diced
- 1 ripe avocado, peeled and diced
- 2 tablespoons mayonnaise
- Salt to taste

Instructions: 
1. In a large bowl, combine the green chilies, onion, tomatoes and avocado.

2. Add in the mayonnaise and salt and mix together until all ingredients are evenly combined.

3. Serve chilled or at room temperature. Enjoy!"
"[""chicken"", ""garlic"", ""paprika"", ""tumeric"", ""kosher salt"", ""black pepper"", ""olive oil"", ""celery"", ""onion"", ""quarters"", ""carrot"", ""orange juice"", ""water"", ""potatoes"", ""paprika"", ""tumeric"", ""kosher salt"", ""black pepper"", ""olive oil""]","Garlic Paprika Chicken and Potatoes

Ingredients:

- 1 lb of chicken thighs
- 4 cloves of garlic, minced
- 2 teaspoons of paprika
- 1 teaspoon of turmeric
- 1 teaspoon of kosher salt 
- 1/2 teaspoon of black pepper
- 2 tablespoons of olive oil
- 2 stalks of celery, chopped
- 1 small onion, diced
- 4 carrots, peeled and chopped
- 1/4 cup of orange juice
- 1/2 cup of water
- 2 cups of potatoes, peeled and diced
- 2 teaspoons of paprika
- 1 teaspoon of turmeric
- 1 teaspoon of kosher salt 
- 1/2 teaspoon of black pepper
- 2 tablespoons of olive oil

Instructions:

1. Preheat your oven to 350 degrees F (175 degrees C).

2. In a large bowl, combine the chicken thighs with the garlic, paprika, turmeric, kosher salt, and black pepper, and mix until all of the ingredients are evenly distributed.

3. Heat the olive oil in a large skillet over medium heat.

4. Add the chicken to the skillet, and cook for about 5 minutes on each side, or until golden brown.

5. Once the chicken is cooked, add the celery, onion, carrots, orange juice, and water to the pan.  Simmer for about 10 minutes.

6. In a separate bowl, combine the potatoes with the paprika, turmeric, kosher salt, and black pepper, and mix until all of the ingredients are evenly distributed.

7. Add the potatoes to the skillet, stirring until all of the ingredients are combined.

8. Transfer the skillet to the preheated oven, and bake for 25 minutes, or until the potatoes are cooked through.

9. Serve and enjoy!"
"[""sugar"", ""brown sugar"", ""shortening"", ""eggs"", ""vanilla"", ""peanut butter"", ""flour"", ""soda"", ""oatmeal"", ""pecans""]","Peanut Butter and Brown Sugar Oatmeal Cookies
Ingredients: 
- 1 cup packed brown sugar
- 1/2 cup shortening
- 2 eggs
- 1 teaspoon vanilla
- 1/2 cup peanut butter
- 1 1/4 cups of all-purpose flour
- 1 teaspoon baking soda
- 1/2 teaspoon salt
- 3/4 cup old-fashioned oats
- 1/2 cup chopped pecans 

Directions: 
1. Preheat oven to 375°F and line baking sheets with parchment paper. 
2. In a large bowl, cream together the brown sugar, shortening, eggs, and vanilla until light and fluffy. 
3. Add the peanut butter and mix until combined. 
4. In a separate bowl, whisk together the flour, baking soda, and salt. 
5. Gradually add the dry ingredients to the wet ingredients and mix until well incorporated. 
6. Fold in the oats and pecans. 
7. Scoop 1 tablespoon of cookie dough and roll into balls. Place them 2 inches apart on baking sheet. 
8. Bake for 10-12 minutes or until the cookies are lightly golden. Let cool before serving. Enjoy!"
"[""mayonnaise"", ""olive oil"", ""sour cream"", ""wine vinegar"", ""lime juice""]","Sour Cream and Olive Oil Dressing
Ingredients:
- 1/4 cup mayonnaise 
- 2 tablespoons olive oil
- 2 tablespoons sour cream
- 2 teaspoons white wine vinegar
- 1 teaspoon lime juice
Instructions:
1. In a small bowl, whisk together the mayonnaise, olive oil, sour cream, white wine vinegar, and lime juice.
2. Taste the dressing and adjust seasonings as desired.
3. Serve over salad or your favorite dish. Enjoy!"
"[""fresh fruit"", ""flour"", ""sugar"", ""milk"", ""butter""]","Fresh Fruit Pie

Ingredients:

- 2 cups fresh fruit of your choice, diced
- 1 cup all-purpose flour
- ½ cup granulated sugar
- ¼ cup milk
- ¼ cup butter, melted

Instructions:

1. Preheat oven to 350°F.

2. In a medium bowl, combine the diced fruit and flour until evenly mixed.

3. In a separate bowl, stir together the sugar, milk, and melted butter until well combined.

4. Pour the butter mixture over the fruit and flour, stirring until everything is evenly mixed.

5. Pour the filling into a 9-inch pie plate that has been lightly greased.

6. Bake for 40 minutes, or until the top is golden brown.

7. Allow the pie to cool before serving. Enjoy!"
"[""graham cracker crumbs"", ""sugar"", ""butter"", ""cream cheese"", ""sugar"", ""milk"", ""chocolate flavor"", ""milk""]","Chocolate Cream Cheese Crumble Bars
Ingredients: 
- 2 cups graham cracker crumbs
- ½ cup sugar
- ½ cup melted butter
- 8 ounces cream cheese, softened
- ¼ cup sugar
- 1 teaspoon vanilla extract 
- ¼ teaspoon salt
- 1 cup milk
- 2 teaspoons chocolate flavor 
- 2 tablespoons milk

Instructions: 
1. Preheat the oven to 350°F. 
2. In a medium bowl, mix together the graham cracker crumbs, sugar, and melted butter until combined. 
3. Press the mixture into the bottom of an 8x8 inch baking dish and bake for 10 minutes.
4. While the crust is baking, in a separate bowl, use a hand mixer to beat together the cream cheese, sugar, vanilla extract, and salt until smooth.
5. Once the crust is done baking, spread the cream cheese mixture over the top and bake for an additional 15 minutes. 
6. Let the bars cool completely before serving. 
7. In a medium bowl, whisk together the milk, chocolate flavor, and milk until combined. 
8. Drizzle the chocolate mixture over the bars before cutting and serving. Enjoy!"
"[""VINAIGRETTE"", ""pear juice"", ""white wine vinegar"", ""mustard"", ""salt"", ""pepper"", ""olive oil"", ""SALAD"", ""red onion"", ""almonds""]","Fennel Salad with Pear Vinaigrette 
Ingredients: 
- 2 cups fennel, diced
- 1/4 cup pear juice
- 2 tablespoons extra virgin olive oil
- 1 tablespoon white wine vinegar
- 1 teaspoon Dijon mustard
- 1/2 teaspoon salt
- 1/4 teaspoon pepper
- 2 tablespoons chopped red onion
- 2 tablespoons slivered almonds

Instructions:
1. In a large bowl, combine the diced fennel and red onion.
2. In a small bowl, whisk together the pear juice, olive oil, white wine vinegar, mustard, salt, and pepper.
3. Pour the dressing over the fennel and onion and toss to coat evenly.
4. Add the slivered almonds and toss again.
5. Serve chilled or at room temperature. Enjoy!"
"[""digestive biscuits"", ""butter"", ""Nutella"", ""hazelnuts"", ""sugar""]","Nutter Butter Nutella Biscuit Cookie
Ingredients:
- 2 Digestive biscuits
- 2 teaspoon of butter
- 2 teaspoon of Nutella
- 2 teaspoon of hazelnuts
- 2 teaspoon of sugar

Instructions:
1. Preheat oven to 350°F (175°C).
2. Crush the digestive biscuits into crumbs and place in a bowl.
3. Melt the butter in the microwave or on the stovetop until completely melted.
4. Pour melted butter over the biscuit crumbs and stir until evenly combined.
5. Place the biscuit mixture on a baking sheet lined with parchment paper or silicone mat.
6. Bake in preheated oven for 10 minutes or until golden brown.
7. Remove from oven and let cool completely.
8. Break apart cooled biscuit pieces into small chunks.
9. Place the biscuit chunks in a bowl and add the Nutella, hazelnuts, and sugar.
10. Stir together until all ingredients are evenly combined.
11. Enjoy your Nutter Butter Nutella Biscuit Cookies!"
"[""unsalted butter"", ""Batter"", ""ground ginger"", ""ground cloves"", ""ground cinnamon"", ""Orange Sauce"", ""water"", ""cornstarch"", ""orange juice concentrate"", ""sugar"", ""unsalted butter"", ""vanilla beans"", ""oranges""]","Orange-Ginger Butter Cookies 

Ingredients: 
- 1 cup unsalted butter, softened 
- 3/4 cup granulated sugar 
- 2 tablespoons orange sauce 
- 2 teaspoons ground ginger 
- 1 teaspoon ground cloves 
- 1 teaspoon ground cinnamon 
- 2 tablespoons cornstarch 
- 2 tablespoons orange juice concentrate 
- 1 teaspoon vanilla beans, finely chopped 
- 2 oranges, zested 

Instructions: 
1. Preheat oven to 350 degrees F (175 degrees C).
2. In a medium bowl, cream together the butter and sugar until light and fluffy.
3. Beat in the orange sauce, ground ginger, cloves, and cinnamon.
4. Sift the cornstarch and stir into the mixture.
5. Mix in the orange juice concentrate, vanilla beans, and orange zest.
6. Drop by spoonfuls onto ungreased baking sheets.
7. Bake for 10 minutes in the preheated oven, or until golden brown.
8. Allow cookies to cool on baking sheet for 5 minutes before removing to a wire rack to cool completely."
"[""sugar"", ""butter"", ""vanilla"", ""white syrup"", ""eggs"", ""pecans""]","Vanilla-Pecan Syrup Pancakes

Ingredients:

- 1/2 cup all-purpose flour
- 2 tablespoon sugar
- 1 teaspoon baking powder
- 1/4 teaspoon salt
- 1 egg
- 3/4 cups milk
- 2 tablespoons butter, melted
- 1 teaspoon vanilla extract
- 1/4 cup white syrup
- 1/4 cup chopped pecans

Instructions:

1. In a medium bowl, whisk together the flour, sugar, baking powder and salt.

2. In a separate large bowl, whisk together the egg, milk, melted butter, vanilla extract and white syrup.

3. Pour the dry ingredients into the wet ingredients and mix until just combined (do not over mix).

4. Grease a skillet or griddle and heat over medium-high heat.

5. Drop about 1/4 cup of batter for each pancake onto the hot griddle or skillet.

6. Sprinkle a few chopped pecans on top of each pancake.

7. Cook pancakes for about 1-2 minutes, or until bubbles begin to form on the surface.

8. Flip the pancakes and cook another 1-2 minutes, or until golden brown.

9. Serve with additional syrup, if desired. Enjoy!"
"[""Milk"", ""Coconut milk"", ""brown sugar"", ""Gelatin"", ""Water""]","Coconut Milk and Brown Sugar Panna Cotta
Ingredients: 
- 2 cups coconut milk
- 1/4 cup brown sugar
- 1/2 teaspoon gelatin
- 1/3 cup water

Instructions:
1. In a saucepan, combine the coconut milk and sugar over medium heat. Stir until all of the sugar has dissolved.

2. Remove from heat and add in the gelatin, stirring until fully dissolved. Then add in the water and stir until everything is combined.

3. Pour the mixture into 4 ramekins or glasses and refrigerate for at least 3 hours before serving. Enjoy!"
"[""red pepper"", ""vodka"", ""shallots"", ""extra virgin olive oil"", ""heavy cream"", ""butter"", ""tomatoes"", ""pasta""]","Vodka and Shallot Pasta
Ingredients:
- 2 tablespoons extra virgin olive oil
- 2 cloves garlic, minced
- 1/4 cup shallots, finely chopped
- 2 tablespoons red pepper flakes
- 1/2 cup vodka
- 1 cup heavy cream
- 2 tablespoons butter
- 1/2 cup tomatoes, diced
- Salt and pepper, to taste
- 8 ounces of pasta, cooked
Instructions:
1. In a large skillet over medium heat, heat olive oil.
2. Add garlic, shallots and red pepper flakes and sauté until fragrant, about 2 minutes.
3. Pour in the vodka and simmer for a few minutes, until reduced by half.
4. Add cream, butter, tomatoes and salt and pepper, stirring to combine. Simmer for 3-4 minutes, until sauce has thickened. 
5. Add cooked pasta to the sauce and toss to combine. Serve immediately!"
"[""shrimp"", ""cognac"", ""lemon juice"", ""heavy cream"", ""horseradish"", ""mustard"", ""sugar"", ""ketchup""]","Shrimp Cordon Bleu with Lemon-Cognac Cream

Ingredients: 
- 2 tablespoons horseradish
- 2 tablespoons mustard
- 2 tablespoons heavy cream
- 2 tablespoons cognac
- 2 tablespoons lemon juice
- 2 tablespoons sugar
- 1/4 cup ketchup
- 8 ounces shrimp, peeled and deveined
- Salt and pepper to taste

Instructions:
1. Preheat oven to 350 degrees F.
2. In a medium bowl, combine the horseradish, mustard, cream, cognac, lemon juice, and sugar until combined.
3. Spread the ketchup over the bottom of an 8x8-inch baking dish.
4. Arrange the shrimp in the baking dish and season with salt and pepper.
5. Pour the sauce over the shrimp.
6. Bake for 15 minutes, or until the shrimp are cooked through.
7. Serve hot. Enjoy!"
"[""white sugar"", ""butter"", ""eggs"", ""vanilla"", ""flour"", ""ground cinnamon"", ""baking powder"", ""baking soda"", ""salt"", ""ground nutmeg"", ""buttermilk"", ""Maple Buttercream Frosting"", ""butter"", ""shortening"", ""maple syrup"", ""salt"", ""sugar"", ""bacon"", ""sugar""]","Maple Buttercream Frosting Bacon Waffles

Ingredients: 
- 2 large eggs
- 2/3 cup white sugar
- 1 teaspoon vanilla extract 
- 2 cups all-purpose flour
- 1 teaspoon baking powder
- 1/2 teaspoon baking soda
- 1 teaspoon ground cinnamon
- 1/4 teaspoon salt
- 1/4 teaspoon ground nutmeg
- 1 cup butter milk
- 1/2 cup butter, softened
- 1/4 cup shortening
- 1/3 cup maple syrup
- 2 tablespoons bacon, cooked and crumbled 
- 2 tablespoons Maple Buttercream Frosting
- 2 tablespoons sugar

Instructions:
1. Preheat a waffle iron to desired setting.
2. In a large bowl, whisk together the eggs and white sugar until light and fluffy.
3. Add the vanilla extract and mix until fully combined.
4. In a separate bowl, mix together the flour, baking powder, baking soda, cinnamon, salt and nutmeg.
5. Slowly add the dry ingredients to the egg mixture, stirring until all ingredients are fully combined.
6. Add the buttermilk, butter, shortening and maple syrup and stir until smooth.
7. Fold in the bacon and Maple Buttercream Frosting.
8. Ladle the batter into the preheated waffle iron. 
9. Cook for about 4 minutes, or until golden brown and crisp. 
10. Sprinkle with sugar and serve. Enjoy!"
"[""chicken breasts"", ""butter"", ""flour"", ""milk"", ""mustard"", ""horseradish"", ""honey"", ""lemon juice""]","Honey Mustard Chicken Breasts with Horseradish
Ingredients:
- 2 large chicken breasts
- 3 tablespoons butter
- 3 tablespoons flour
- 2 cups milk
- 2 tablespoons mustard
- 1 tablespoon horseradish
- 2 tablespoons honey
- 2 tablespoons lemon juice
Instructions:
1. Preheat oven to 375 degrees F.

2. In a shallow bowl, combine the flour and butter and mix until it forms a smooth paste.

3. Using a brush, coat each chicken breast in the paste.

4. Place the chicken breasts on a greased baking sheet and bake in preheated oven for 25 minutes or until cooked through.

5. Meanwhile, in a small saucepan, heat the milk over medium-high heat.

6. Whisk in the mustard, horseradish, honey and lemon juice. Simmer for 5 minutes or until sauce has thickened.

7. When chicken is cooked through, remove from oven and spoon the sauce over the top.

8. Serve and enjoy!"
"[""butter"", ""currants"", ""dark brown sugar"", ""lemon"", ""ground nutmeg"", ""ground cinnamon"", ""ground cloves"", ""pastry"", ""egg white"", ""sugar""]","Cranberry-Lemon Tart

Ingredients:

- 1/2 cup unsalted butter, softened
- 2 cups currants
- 1/2 cup dark brown sugar
- 1 lemon, zested and juiced
- 1/2 teaspoon ground nutmeg
- 1 teaspoon ground cinnamon
- 1/4 teaspoon ground cloves
- 2 sheets frozen puff pastry, thawed
- 2 egg whites
- 2 tablespoons sugar

Instructions:

1. Preheat oven to 375 degrees F (190 degrees C). Grease a 9-inch tart pan.

2. In a medium bowl, cream together the butter and currants until light and fluffy. Add in the dark brown sugar, lemon zest, and juice and mix until combined. Stir in the nutmeg, cinnamon, and cloves.

3. Place one sheet of puff pastry in the greased tart pan. Spread the currant mixture over the pastry. Top with the second sheet of pastry. Crimp the edges of the pastry together to seal.

4. In a small bowl, whisk together the egg whites and sugar until frothy. Brush the top of the pastry with the egg white mixture.

5. Bake in preheated oven for 25 minutes, or until golden brown. Let cool before slicing and serving. Enjoy!"
"[""sweet paprika"", ""green pepper"", ""tomatoes"", ""onion"", ""olive oil"", ""bay leaf"", ""potatoes"", ""garlic"", ""pimientos"", ""green peas""]","Sweet Paprika and Green Pepper Fritters

Ingredients:

-1 cup all-purpose flour
-2 teaspoons sweet paprika
-1 teaspoon baking powder
-1/4 teaspoon salt
-1/4 teaspoon black pepper
-1/4 cup diced green pepper
-1/4 cup diced tomatoes
-1/4 cup finely chopped onion
-2 tablespoons olive oil
-2 tablespoons minced garlic
-2 tablespoons chopped fresh parsley leaves
-2 tablespoons chopped fresh bay leaves 
-1 cup diced potatoes
-1/4 teaspoon crushed red pepper flakes
-1/4 teaspoon ground cumin
-1/4 teaspoon ground pimento
-1/2 cup frozen green peas

Instructions:

1. Preheat oven to 375 degrees.

2. In a large bowl, whisk together the flour, paprika, baking powder, salt and black pepper. 

3. Add in the green pepper, tomatoes, onion, olive oil, garlic, parsley and bay leaves and mix until combined.

4. Add in the potatoes and stir together until everything is well combined.

5. Using a spoon, scoop out about 2 tablespoons of the mixture and shape into a ball. Place on a parchment paper lined baking sheet. Repeat with the remaining mixture.

6. Bake for 15-20 minutes or until golden brown.

7. Serve with a dollop of sour cream or Greek yogurt and some extra paprika. Enjoy!"
"[""Italian salad dressing"", ""butter"", ""beer"", ""salt"", ""pepper"", ""Tabasco sauce"", ""shrimp""]","Italian Salad Dressing Butter Beer Shrimp

Ingredients:

- 2 tablespoons butter
- 1/4 cup beer
- 1/2 teaspoon salt
- 1/4 teaspoon freshly ground pepper
- 2 tablespoons Tabasco sauce
- 1 pound cooked, peeled and deveined shrimp
- 2 cups mixed greens (your choice)

Instructions:

1. In a large skillet, melt the butter over medium heat. Once melted, add the beer, salt and pepper and bring to a simmer. Simmer for about 5 minutes.

2. Stir in the Tabasco sauce and shrimp. Cook until the shrimp are just cooked through, about 3 to 4 minutes.

3. Place the mixed greens in a large bowl and top with the shrimp and sauce. Serve immediately."
"[""vanilla wafers"", ""cream cheese"", ""cream cheese"", ""Splenda"", ""vanilla"", ""egg whites""]","Vanilla Wafer Cheesecake:

Ingredients: 
- 1 package of vanilla wafers 
- 8 ounces of cream cheese, softened 
- 1 cup of Splenda 
- 2 teaspoons of vanilla extract 
- 2 egg whites 

Instructions: 
1. Preheat oven to 350 degrees F (175 degrees C). 
2. Place the vanilla wafers into a blender and blend until they become a fine crumb. 
3. Grease an 8 inch springform pan and press the crumbs into the bottom in an even layer.
4. In a large bowl, beat the cream cheese until smooth. 
5. Add in the Splenda, vanilla extract, and egg whites and mix until combined. 
6. Pour the mixture over the crust and spread evenly. 
7. Bake in preheated oven for 30 minutes or until the center is set. 
8. Allow to cool completely before serving."
"[""pork"", ""brown sugar"", ""ketchup"", ""maple syrup""]","Pork and Brown Sugar Ketchup with Maple Syrup

Ingredients:

-2 lbs. pork tenderloin, trimmed of fat and cut into 1 inch cubes
-3 tablespoons brown sugar
-1/2 cup ketchup
-1/4 cup maple syrup
-Salt and pepper to taste

Instructions:

1. Preheat oven to 375 degrees F.

2. Place the pork cubes in a large bowl and season with salt and pepper.

3. In a separate bowl combine the brown sugar, ketchup, and maple syrup and mix well.

4. Pour the ketchup mixture over the pork cubes and toss to coat evenly.

5. Spread the pork cubes in an even layer on a baking sheet and bake for 25 minutes, stirring once halfway through.

6. Serve immediately. Enjoy!"
"[""Coconut Milk"", ""Milk"", ""Milk"", ""Sugar"", ""Milk(full"", ""Eggs"", ""Salt"", ""Coconut"", ""Vanilla"", ""Aluminum cake"", ""mesh strainer""]","Coconut Milk Cake
Ingredients: 
- 2 cups coconut milk
- ½ cup full milk
- 2 eggs
- ¼ teaspoon salt
- ½ cup sugar
- 1 teaspoon vanilla extract
- 2 tablespoons aluminum cake mesh strainer

Instructions:
1. Preheat oven to 350°F.
2. In a medium bowl, whisk together the coconut milk, milk, eggs, salt, and sugar until well combined.
3. Add the vanilla extract and mix until incorporated.
4. Sift the cake mesh strainer into the wet ingredients and mix until all dry ingredients are incorporated.
5. Grease an 8x8 inch baking pan with butter or cooking spray.
6. Pour the batter into the pan and bake for 20-25 minutes, or until a toothpick comes out clean.
7. Allow the cake to cool before serving. Enjoy!"
"[""white asparagus"", ""chicken"", ""butter"", ""bay leaf"", ""oranges"", ""salt"", ""extra virgin olive oil"", ""Freshly ground black pepper""]","Orange-Butter Chicken with White Asparagus

Ingredients:

- 2 chicken breasts
- 1/2 cup butter, melted
- 2 oranges, thinly sliced
- 1 bunch white asparagus, woody ends trimmed
- Salt and freshly ground black pepper, to taste 
- 2 tablespoons extra virgin olive oil

Instructions:

1. Preheat oven to 375F.

2. Arrange the chicken breasts on a baking sheet lined with parchment paper.

3. Drizzle the melted butter over the chicken and sprinkle with salt and pepper. 

4. Top the chicken with orange slices and the asparagus.

5. Bake for 25 minutes, or until the chicken is cooked through and the asparagus is tender.

6. Heat the olive oil in a large skillet over medium-high heat.

7. Add the cooked chicken, orange slices, and asparagus to the skillet and cook for 2-3 minutes, stirring occasionally.

8. Serve the chicken and vegetables with a sprinkle of salt and freshly ground black pepper. Enjoy!"
"[""woven wheat crackers"", ""deli"", ""CLAUSSEN Sauerkraut"", ""Swiss"", ""POUPON""]","Deli-Style Sauerkraut and Swiss Oven-Baked Poupson on Wheat Crackers 
Ingredients:
- 2 cups deli-style sauerkraut
- 4 slices of Swiss cheese, cut into small squares
- 1/2 cup Claussen Sauerkraut
- 8 ounces of wheat crackers
- 4 tablespoons of butter, melted
- 2 tablespoons of Poupon mustard

Instructions:
1. Preheat oven to 350 degrees Fahrenheit.
2. Arrange the wheat crackers on a baking sheet.
3. Spread the deli-style sauerkraut evenly over the crackers.
4. Top the crackers with the Swiss cheese squares and Claussen sauerkraut.
5. Drizzle the melted butter over the top.
6. Bake in preheated oven for 10 minutes, or until the cheese has melted.
7. Remove from oven and let cool.
8. Spread Poupon mustard over the top and serve. Enjoy!"
"[""unsalted butter"", ""brown sugar"", ""vanilla"", ""salt"", ""semi-sweet chocolate bits"", ""carrots"", ""eggs"", ""flour"", ""pecans""]","Salted Butter Carrot Cookies
Ingredients:
-1/2 cup unsalted butter, softened
-3/4 cup brown sugar
-1 teaspoon vanilla
-Pinch of salt
-1/2 cup semi-sweet chocolate bits
-1 cup grated carrots
-2 large eggs
-1 1/2 cups all-purpose flour
-1/2 cup pecans, chopped

Instructions:

1. Preheat oven to 350°F and line a baking sheet with parchment paper.

2. In a large bowl, cream together the butter and sugar until light and fluffy. Add the vanilla and salt and mix until combined.

3. Add the chocolate bits, carrots, and eggs and mix until everything is evenly distributed.

4. Slowly add the flour, mixing until just combined. Stir in the pecans.

5. Drop tablespoons of dough onto the prepared baking sheet, leaving about 2 inches between each cookie.

6. Bake for 12-15 minutes or until lightly golden brown. Allow to cool on the baking sheet for 5 minutes before transferring to a wire rack to cool completely. Enjoy!"
"[""beef flank"", ""onion"", ""olive oil"", ""vinegar"", ""oregano"", ""salt"", ""tomatoes"", ""onion"", ""serrano chilies"", ""avocados""]","Greek-Style Baked Beeef Flank with Onions and Olives:

Ingredients:

- 2 pounds beef flank
- 1/4 cup olive oil
- 1/3 cup white vinegar
- 2 tablespoons oregano
- 2 teaspoons salt
- 4 tomatoes, sliced
- 2 medium onions, chopped
- 1/2 cup black olives
- 2 serrano chili peppers, minced
- 2 ripe avocados, peeled and diced

Instructions:

1. Preheat oven to 350 degrees F.

2. Place beef flank in a large baking dish.

3. Drizzle with olive oil and vinegar, then sprinkle with oregano and salt.

4. Arrange tomato slices, onions, and olives on top.

5. Bake for 1 hour or until meat is cooked through.

6. Remove from oven and let cool for 10 minutes.

7. Add chili peppers and avocados and stir gently to combine.

8. Serve hot. Enjoy!"
"[""mango"", ""salt"", ""brown sugar"", ""cider vinegar""]","Mango-Salt Brown Sugar Cider Vinaigrette

Ingredients:

- 1/2 cup mango, diced
- 2 teaspoons salt
- 1 tablespoon brown sugar
- 1/4 cup cider vinegar
- 2 tablespoons olive oil
- 1/4 teaspoon freshly ground black pepper

Instructions:

1. In a medium bowl, combine the diced mango and salt.

2. Add the brown sugar, cider vinegar, olive oil, and pepper to the mango mixture, stirring until all of the ingredients are well combined.

3. Taste and adjust the seasoning if desired.

4. Refrigerate the vinaigrette for at least one hour before serving."
"[""graham cracker crumbs"", ""sugar"", ""almonds"", ""cinnamon"", ""butter""]","Almond Cinnamon Graham Cracker Squares
Ingredients: 
- 2 cups graham cracker crumbs
- 1/2 cup sugar
- 1/2 cup butter, melted
- 1/2 cup almonds, chopped
- 1 teaspoon cinnamon

Instructions:
1. Preheat oven to 350 degrees F and light grease an 8x8 inch baking pan.
2. In a medium bowl, combine graham cracker crumbs, sugar, melted butter, chopped almonds and cinnamon. Stir until combined.
3. Pour mixture into the prepared pan and use the back of a spoon to press it evenly into the pan.
4. Bake for 12 to 15 minutes or until lightly golden.
5. Let cool before cutting into squares and serving. Enjoy!"
"[""ricotta cheese"", ""ricotta cheese"", ""fresh oregano"", ""fresh basil"", ""eggs"", ""spaghetti sauce"", ""water"", ""vegetable protein"", ""garlic"", ""olive oil"", ""onion"", ""mixed mushrooms"", ""swiss chard"", ""pasta"", ""mozzarella cheese"", ""mozzarella cheese"", ""parmesan cheese"", ""salt"", ""ground pepper""]","Ricotta Cheese and Orzo Bake

Ingredients: 
- 2 cups ricotta cheese
- 1/2 cup fresh oregano
- 1/4 cup fresh basil
- 4 eggs
- 1/2 cup spaghettti sauce
- 1/2 cup water
- 2 cups of vegetable protein (choose a vegan option)
- 2 cloves of garlic, minced
- 2 tablespoons olive oil
- 1/4 cup onion, diced
- 1/2 cup mixed mushrooms
- 1/4 cup Swiss chard, chopped
- 2 cups of pasta, cooked
- 2 cups mozzarella cheese
- 1/4 cup parmesan cheese
- 1 teaspoon salt
- 1/2 teaspoon ground pepper

Instructions:
1. Preheat oven to 350°F.
2. In a large bowl, mix together ricotta, oregano, basil, eggs, spaghetti sauce, and water until combined.
3. In a large skillet over medium heat, add the vegetable protein, garlic, olive oil, onion, and mushrooms. Cook for 5-7 minutes until vegetables are softened and lightly browned. Add the Swiss chard and cook for an additional minute.
4. In a large baking dish, layer half of the cooked pasta, followed by the ricotta cheese mixture, then the cooked vegetables, the remaining pasta, and the mozzarella and parmesan cheese. Sprinkle with salt and pepper.
5. Bake for 25-30 minutes until cheese is melted and bubbly. Allow to cool before serving. Enjoy!"
"[""bacon"", ""cream cheese"", ""spread"", ""blue cheese"", ""sherry"", ""water chestnuts"", ""onion"", ""pimiento""]","Blue Cheese and Bacon Spread with Sherry and Water Chestnuts

Ingredients:

• 8 slices of bacon
• 1/2 cup cream cheese
• 1/4 cup blue cheese crumbles
• 2 tablespoons sherry
• 1/4 cup chopped water chestnuts
• 1 small onion, finely diced
• 1 tablespoon pimento

Instructions:

1. Preheat the oven to 375°F.

2. Place the bacon slices on a baking sheet and bake in the preheated oven for 20 minutes, or until crispy.

3. Remove the bacon from the oven and transfer it to a plate lined with paper towels to drain. When cool enough to handle, crumble the bacon into small pieces.

4. In a medium bowl, mix together the cream cheese, blue cheese crumbles, sherry, water chestnuts, onion, and pimento. Mix until all ingredients are well combined.

5. Stir in the crumbled bacon.

6. Serve the spread with crackers, vegetables, or whatever you like! Enjoy!"
"[""white wine"", ""vegetable stock"", ""onions"", ""dill"", ""sage"", ""bay leaves"", ""lemons"", ""Kosher salt"", ""salmon filet"", ""dill"", ""horseradish"", ""lemon juice"", ""sour cream"", ""mayonnaise"", ""Kosher salt"", ""chives""]","Herb-Crusted Salmon with Vegetable Stock and Dill Sauce

Ingredients: 
- 1/4 cup white wine 
- 3 cups vegetable stock 
- 1/2 onion, diced 
- 2 tablespoons chopped fresh dill 
- 1 tablespoon chopped fresh sage 
- 1 teaspoon bay leaves 
- 2 tablespoons freshly squeezed lemon juice 
- 1 teaspoon Kosher salt 
- 4 (4-ounce) salmon fillets 
- 1/4 teaspoon freshly ground black pepper 
- 2 tablespoons chopped fresh dill 
- 1 tablespoon freshly grated horseradish 
- 2 tablespoons freshly squeezed lemon juice 
- 1/2 cup sour cream 
- 1 tablespoon mayonnaise 
- 1/4 teaspoon Kosher salt 
- 2 tablespoons chopped chives 

Directions:

1. Preheat the oven to 350°F.

2. In a medium saucepan over medium heat, add the white wine and bring it to a simmer. Add the vegetable stock, onion, dill, sage, and bay leaves. Simmer for 10 minutes.

3. Meanwhile, in a small bowl, combine the lemon juice, salt, pepper, dill, horseradish, and lemon juice. Set aside.

4. Place the salmon fillets in a baking dish and pour the vegetable stock mixture over the top.

5. Bake in preheated oven for 15-20 minutes, or until the salmon is cooked through.

6. In a medium bowl, whisk together the sour cream, mayonnaise, salt, and chives.

7. Once the salmon is done, spoon the sauce over each piece and sprinkle with the chives.

8. Serve hot with your favorite sides. Enjoy!"
"[""flour"", ""sugar"", ""milk"", ""baking powder"", ""butter"", ""peaches""]","Peach Cobbler: 
Ingredients: 
- 2 cups all-purpose flour 
- 1 cup sugar 
- 1 cup milk 
- 2 teaspoons baking powder 
- 4 tablespoons butter 
- 2 cans peach slices 

Instructions:
1. Preheat oven to 375°F.
2. In a large bowl, combine flour, sugar, milk, and baking powder until well blended. 
3. Spread butter across the bottom of an 8x8 inch baking dish. 
4. Pour the batter over the butter. 
5. Place the peach slices on top of the batter.
6. Bake for 30 minutes, or until golden brown. 
7. Let cool and enjoy!"
"[""paprika"", ""salt"", ""onion powder"", ""white pepper"", ""cayenne pepper"", ""thyme"", ""garlic"", ""pepper"", ""chicken"", ""onion""]","Spicy Chicken with Paprika and Thyme
Ingredients:
- 2 tablespoons paprika
- 1 teaspoon salt
- 1 teaspoon onion powder
- ½ teaspoon white pepper
- ½ teaspoon cayenne pepper
- ¼ teaspoon thyme
- 2 cloves garlic, minced
- ¼ teaspoon ground black pepper
- 2 tablespoons olive oil
- 1 large onion, diced
- 2lbs boneless, skinless chicken thighs, cut into ½ inch pieces

Instructions:
1. Place the paprika, salt, onion powder, white pepper, cayenne pepper, and thyme in a small bowl and mix together.
2. Heat the olive oil in a large skillet over medium heat. Add the garlic, black pepper, and onion and sauté until the onion is soft and translucent, about 5 minutes.
3. Add the chicken and the spice mixture to the skillet and cook, stirring occasionally, until the chicken is cooked through, about 10 minutes. Serve hot."
"[""chicken breasts"", ""cream of chicken soup"", ""crackers"", ""butter"", ""cheese"", ""couscous""]","Chicken Breasts in Cream of Chicken Soup

Ingredients:

- 2 boneless skinless chicken breasts
- 1 can of condensed cream of chicken soup
- 1/2 cup of chicken broth
- Salt and pepper to taste
- 2 tablespoons of butter
- 1/4 cup of shredded cheese (cheddar or mozzarella)
- 2 tablespoons of crushed crackers
- 2 tablespoons of dry couscous

Instructions:

1. Preheat oven to 375 degrees F.

2. Place the chicken breasts in a greased baking dish.

3. In a medium bowl, mix together the canned soup, chicken broth, salt, and pepper. Pour the mixture over the chicken breasts.

4. Top with the butter, cheese, crackers, and couscous.

5. Bake for 25-30 minutes, or until chicken is cooked through and has reached an internal temperature of 165 degrees F.

6. Remove from oven and let cool for 5 minutes before serving. Enjoy!"
"[""sugar"", ""corn syrup"", ""whipping cream"", ""butter"", ""nuts"", ""vanilla""]","Cinnamon-Vanilla Whippin' Cream Syrup Nuts

Ingredients:

- 1/2 cup sugar
- 1/2 cup corn syrup
- 1/2 cup whipping cream
- 2 tablespoons butter
- 1 teaspoon ground cinnamon
- 1 teaspoon vanilla extract
- 1/4 cup chopped nuts (almonds, walnuts, or pecans)

Instructions:

1. In a medium saucepan, combine the sugar, corn syrup, cream, and butter over medium heat. Stir until ingredients are well combined and the butter has melted.

2. Increase the heat to high and bring the mixture to a boil. Reduce the heat to low and simmer for 10 minutes, stirring occasionally.

3. Remove the pan from the heat and stir in the cinnamon, vanilla extract, and nuts.

4. Pour the syrup into a jar and let cool before serving. Enjoy over ice cream, pancakes, waffles, or your favorite dessert!"
"[""pizza dough"", ""extra-virgin olive oil"", ""oregano"", ""butter"", ""chicken"", ""red onion"", ""garlic"", ""grill seasoning"", ""frozen spinach"", ""feta crumbles"", ""Salt"", ""mozzarella cheese"", ""red peppers"", ""olives"", ""arugula"", ""cucumber"", ""pepper""]","Grilled Chicken with Oregano and Extra-Virgin Olive Oil

Ingredients:

- 2 chicken breasts
- 2 tablespoons extra-virgin olive oil
- 2 teaspoons oregano
- 2 tablespoons butter
- 2 cloves garlic, minced
- 2 tablespoons grill seasoning
- 1/2 cup frozen spinach
- 1/4 cup feta cheese crumbles
- Salt, to taste
- 1/4 cup mozzarella cheese
- 1/4 cup red onion, diced
- 1/4 cup red peppers, diced
- 1/4 cup olives, chopped
- 1/4 cup arugula
- 1/4 cup cucumber, diced
- Freshly ground pepper, to taste

Directions:

1. Preheat your grill to medium heat.

2. Rub the chicken breasts with olive oil and season with oregano, salt and pepper.

3. Grill the chicken for 4 to 6 minutes per side, or until cooked through.

4. While the chicken is cooking, heat the butter in a small skillet over medium heat. Add the garlic and cook for 1 minute, stirring often.

5. Add the grill seasoning and cook for an additional minute.

6. Add the frozen spinach and cook until it is heated through, about 3 minutes.

7. Add the feta cheese crumbles and mozzarella cheese, stirring to combine.

8. Remove from the heat and add the red onion, red pepper, olives, arugula, cucumber, and freshly ground pepper. Taste and adjust seasonings as necessary.

9. Serve the grilled chicken topped with the vegetable and cheese mixture. Enjoy!"
"[""butter"", ""sugar"", ""almond extract"", ""flour"", ""salt"", ""milk chocolate kisses"", ""cream cheese"", ""egg yolk"", ""orange juice"", ""baking powder"", ""flaked coconut""]","Almond Chocolate Kisses Cheesecake:

Ingredients: 
- 1/2 cup butter, melted 
- 3/4 cup sugar 
- 1 teaspoon almond extract 
- 1 cup flour 
- 1/2 teaspoon salt 
- 2/3 cup milk chocolate kisses 
- 8 ounces cream cheese, softened 
- 2 egg yolks 
- 1/2 cup freshly squeezed orange juice 
- 1 teaspoon baking powder 
- 2 tablespoons flaked coconut 

Instructions:

1. Preheat oven to 350°F and grease an 8-inch springform pan.

2. In a medium bowl, mix together the melted butter, sugar, almond extract, flour, and salt until well combined. Press the mixture into the bottom of the prepared pan.

3. Bake for 15 minutes or until lightly golden. Allow to cool slightly.

4. In a separate bowl, beat together the cream cheese and egg yolks until smooth.

5. Stir in the orange juice, baking powder, and flaked coconut until thoroughly combined.

6. Spread the cream cheese mixture over the cooled crust. Top with the milk chocolate kisses.

7. Bake for an additional 25 minutes or until set.

8. Allow to cool before removing from the pan. Enjoy!"
"[""mozzarella cheese"", ""onion"", ""green bell pepper"", ""oil"", ""sausage"", ""pepperoni"", ""black olives"", ""mushrooms"", ""pizza sauce"", ""penne pasta""]","Mozarella Cheese and Sausage Pizza
Ingredients:
- 4 ounces mozarella cheese, shredded
- 1/2 onion, chopped
- 1 green bell pepper, diced
- 2 tablespoons oil
- 1/2 pound sausage, cut into small pieces
- 1/4 cup pepperoni, sliced
- 1/4 cup black olives, sliced
- 1/2 cup mushrooms, sliced
- 1/2 cup pizza sauce
- 1/2 cup penne pasta
Directions:
1. Preheat oven to 400°F.
2. Heat oil in a large skillet over medium-high heat. Add the sausage and cook, stirring occasionally, until cooked through, about 8 minutes.
3. Remove from heat and stir in onion, bell pepper, pepperoni, olives, mushrooms, and pizza sauce.
4. Arrange the penne pasta in a single layer on a greased baking sheet.
5. Top with the sausage mixture, spreading out evenly. Sprinkle the mozzarella cheese over top.
6. Bake in preheated oven until cheese is melted and bubbly, about 15 minutes.
7. Serve hot. Enjoy!"
"[""pita breads"", ""salt"", ""olive oil"", ""vegetable soup mix"", ""sour cream"", ""light mayonnaise"", ""spinach"", ""water""]","Vegetable Soup with Pitas:
Ingredients:
- 4 pita breads
- 2 tsp salt
- 5 tbsp olive oil
- 1 vegetable soup mix
- 1/3 cup sour cream
- 2 tbsp light mayonnaise
- 1/2 cup spinach
- 2 cups water
Instructions:
1. Preheat oven to 350 degrees F (175 degrees C).
2. Arrange the pita breads on a baking sheet and coat with 2 tablespoons of olive oil.
3. Sprinkle with salt, then bake for 8-10 minutes in the preheated oven, or until lightly browned.Once done, remove from oven and set aside.
4. In a large pot over medium heat, heat remaining 3 tablespoons of olive oil.
5. Add soup mix and water and bring to a boil. Reduce heat and allow to simmer for 15 minutes, stirring occasionally.
6. Add sour cream, mayonnaise, spinach, and cooked pita breads.
7. Simmer for an additional 5 minutes, stirring occasionally.
8. Serve hot. Enjoy!"
"[""angel hair pasta"", ""tomato pesto"", ""chicken breast"", ""olive oil"", ""red bell pepper"", ""orange bell pepper"", ""red onion"", ""zucchini""]","Angel Hair Pasta with Tomato Pesto, Chicken Breast, Olive Oil, Red Bell Pepper, Orange Bell Pepper, Red Onion, and Zucchini 

Ingredients:

- 1/2 pound angel hair pasta
- 2 tablespoons olive oil
- 1/2 teaspoon salt 
- 1/4 teaspoon black pepper
- 2 chicken breasts, cut into small cubes
- 1 red bell pepper, thinly sliced
- 1 orange bell pepper, thinly sliced
- 1/2 red onion, thinly sliced
- 1 zucchini, thinly sliced
- 1 cup tomato pesto

Instructions:

1. Bring a large pot of salted water to a boil. Add the angel hair pasta and cook until al dente, about 5 minutes. Drain and set aside.

2. Heat the olive oil in a large skillet over medium-high heat. Add the chicken cubes, salt, and pepper, and cook for 5-7 minutes, stirring occasionally, until the chicken is cooked through.

3. Add the bell peppers, onion, and zucchini to the skillet, stirring to combine. Cook for 5-7 minutes, or until vegetables are tender.

4. Add the cooked angel hair pasta and tomato pesto to the skillet and stir to combine. Heat until everything is warmed through.

5. Serve warm and enjoy!"
"[""vegetable stock cube"", ""fish sauce"", ""lemon-grass stem"", ""fresh kaffir lime"", ""fresh ginger"", ""Birdseye chillies"", ""garlic"", ""Stalks and roots"", ""Wontons"", ""chicken mince"", ""garlic"", ""green shallot"", ""lemon rind"", ""wonton wrappers"", ""green shallots""]","Vegetable Stock Cube Fish Sauce Lemon-Grass Stem Fresh Kaffir Lime Fresh Ginger Birds Eye Chillies Garlic Stalks and Roots Wontons Chicken Mince Garlic Green Shallots Lemon Rind Wonton Wrappers Green Shallots 

Crispy Grilled Lemongrass Fish with Vegetable Stir-Fry

Ingredients:

- 4 fillets of white fish (cod, pollock, snapper, etc)
- 2 tablespoons vegetable oil
- 2 teaspoons fresh ginger, finely chopped
- 2 cloves garlic, finely chopped
- 1/2 teaspoon Bird’s Eye chillies, finely chopped
- 2 tablespoons vegetable stock cube
- 2 tablespoons lemon-grass stem, finely chopped
- 1 can of kaffir lime leaves
- 2 stalks of green shallots, finely sliced
- 2 tablespoons fish sauce
- 1/4 cup of fresh lemon juice
- 2 tablespoons of fresh lemon rind
- 2 tablespoons of wonton wrappers
- 1/2 cup cooked chicken mince
- 1 can of vegetable stock
- 1/4 cup of green shallots, finely sliced

Instructions:

1. Preheat oven to 200°C/400°F

2. Place the fish fillets on a baking tray lined with parchment paper.

3. In a small mixing bowl, mix together the vegetable oil, ginger, garlic, chilli, stock cube, lemon grass stem, kaffir lime leaves, and green shallots.

4. Brush the top of the fish with the mixture and bake in the preheated oven for 15 minutes or until cooked through.

5. Meanwhile, heat a large skillet over medium heat. Add the fish sauce, lemon juice, lemon rind, wonton wrappers and chicken mince. Sauté until the chicken mince is heated through.

6. Add the vegetable stock and green shallots and bring to a simmer. Reduce heat and simmer for 10 minutes.

7. Serve the crispy lemongrass fish with the vegetable stir-fry. Enjoy!"
"[""bananas"", ""eggs"", ""all-purpose"", ""baking powder"", ""bananas"", ""walnuts""]","Banana-Walnut Omelette
Ingredients:
• 2 bananas, sliced
• 2 eggs
• 1 teaspoon all-purpose baking powder
• 2 tablespoons walnuts, coarsely chopped
• 1 tablespoon butter
Instructions:
1. In a small bowl, mash the banana slices until smooth.
2. In a separate bowl, whisk together the eggs and baking powder until combined.
3. Heat a large non-stick skillet over medium heat and add the butter. Once melted, swirl the pan to coat the bottom. 
4. Pour the egg mixture into the skillet and spread it evenly. 
5. Add the mashed banana and walnuts to the top of the omelette.
6. Cover the skillet with a lid and cook for 4-5 minutes, or until the egg mixture is cooked through.
7. Gently fold the omelette in half and slide onto a plate.
8. Serve warm with extra walnuts and banana slices, if desired. Enjoy!"
"[""ground beef"", ""onion"", ""green pepper"", ""clove garlic"", ""tomatoes"", ""tomato sauce"", ""mushrooms"", ""sugar"", ""oregano"", ""salt"", ""basil"", ""cheese"", ""parmesan""]","Cheesy Ground Beef Casserole

Ingredients: 
- 1 lb ground beef 
- 1 onion, chopped 
- 1 green pepper, diced 
- 1 clove of garlic, minced 
- 2 tomatoes, diced 
- 1/2 cup tomato sauce 
- 1/2 cup mushrooms, sliced 
- 1 teaspoon sugar 
- 1 teaspoon oregano 
- 1 teaspoon salt 
- 1 teaspoon basil 
- 1 cup shredded cheese 
- 2 tablespoons Parmesan, grated

Instructions: 
1. Preheat oven to 375°F. 
2. In a large skillet over medium-high heat, cook the ground beef until browned and no pink remains. 
3. Add the onion, green pepper, and garlic to the skillet and cook for 2 minutes, stirring occasionally. 
4. Add the tomatoes, tomato sauce, mushrooms, sugar, oregano, salt, and basil. Simmer for 5 minutes. 
5. Grease a 9x13 inch baking dish with non-stick cooking spray. 
6. Transfer the ground beef mixture to the prepared baking dish. 
7. Sprinkle the shredded cheese and Parmesan over the top. 
8. Bake in preheated oven for 20-25 minutes until cheese is melted and bubbly. 
9. Serve warm. Enjoy!"
"[""butter"", ""sugar"", ""boiling water"", ""yeast"", ""water"", ""flour"", ""cold water"", ""eggs"", ""salt""]","Butter & Sugar Sweet Rolls
Ingredients: 
- 3/4 Cup Butter, softened
- 1 Cup Sugar
- 2 ¼ Teaspoons Active Dry Yeast
- 2 Tablespoons Boiling Water
- 2 Cups Warm Water
- 6 Cups All-Purpose Flour
- 2 Eggs
- 2 Teaspoons Salt

Instructions: 
1. In a large bowl, beat the butter and sugar together until it’s creamy.
2. In a small bowl, dissolve the yeast in the boiling water.
3. Add the warm water to the butter and sugar mixture.
4. Stir in the dissolved yeast.
5. Gradually stir in the flour, eggs and salt until everything is combined and a dough forms.
6. Knead the dough on a lightly-floured surface for 8 minutes.
7. Place the dough in a greased bowl and cover with plastic wrap. Let it rise in a warm place for about an hour or until it doubles in size.
8. Punch down the dough and divide it into 12 equal portions.
9. Roll each portion of dough into a ball and place them on a greased baking sheet.
10. Cover the rolls with a damp cloth and let them rise again until they double in size.
11. Preheat the oven to 350 degrees F (175 degrees C).
12. Bake the rolls for 25 minutes or until golden brown.
13. Serve warm with butter and enjoy!"
"[""pepper"", ""bouquet garni"", ""star anise"", ""vegetable stock"", ""carrot"", ""red capsicum"", ""celery"", ""salt""]","Instructions:

1. Preheat oven to 375 degrees.

2. In a large saucepan, heat 2 tablespoons of olive oil over medium-high heat. 

3. Add 1 teaspoon of pepper and stir until fragrant. 

4. Add 1 bouquet garni, 1 teaspoon of star anise, and 4 cups of vegetable stock. Bring to a simmer and cook for 10 minutes. 

5. Remove from the heat and add 1 cup of diced carrots, 1/4 cup of diced red capsicum, 1/4 cup diced celery, and 1 teaspoon of salt. Stir to combine. 

6. Pour the mixture into a 9x13 inch baking dish and bake in the preheated oven for 45 minutes, or until the vegetables are tender. 

7. Serve hot with fresh bread. Enjoy!"
"[""beans"", ""sugar"", ""molasses"", ""mustard"", ""pepper"", ""salt"", ""salt pork""]","Baked Beans with Sugar, Molasses, and Mustard

Ingredients:

-2 cans of beans (navy, pinto, black, etc.)
-1/3 cup sugar
-1/3 cup molasses
-2 tablespoons mustard
-Pepper to taste
-1 teaspoon salt
-1/2 pound salt pork, diced

Instructions:

1. Preheat oven to 350°F.

2. Grease a 9x13 inch baking dish.

3. In a medium-sized bowl, mix together the beans, sugar, molasses, mustard, pepper, and salt.

4. Transfer the mixture to the prepared baking dish.

5. Place the diced salt pork over the top of the bean mixture.

6. Bake for 45 minutes, or until the beans are tender and the liquid is bubbling.

7. Serve hot and enjoy!"
"[""sugar"", ""margarine"", ""milk"", ""semi-sweet chocolate chips"", ""marshmallows"", ""vanilla""]","Chocolate Chip Marshmallow Sugar Cookies
Ingredients: 
- 1/2 cup sugar
- 1/4 cup margarine, softened
- 2 tablespoons milk
- 1 teaspoon vanilla extract
- 1 cup all-purpose flour
- 1/4 teaspoon baking soda
- 1/4 teaspoon salt
- 1/2 cup semi-sweet chocolate chips
- 1/2 cup marshmallows

Instructions:

1. Preheat oven to 350 degrees F (175 degrees C).

2. In a large bowl, cream together the sugar and margarine until light and fluffy. Beat in the milk and vanilla extract until well blended.

3. In a separate bowl, sift together the flour, baking soda, and salt. Slowly stir the dry ingredients into the creamed mixture until completely blended. Gently fold in the chocolate chips and marshmallows.

4. Drop teaspoonfuls of dough onto an ungreased cookie sheet.

5. Bake for 10 to 12 minutes in the preheated oven, or until golden brown. Allow cookies to cool on baking sheet for 5 minutes before transferring to a wire rack to cool completely. Enjoy!"
"[""mint sprigs"", ""fluid ounces simple syrup"", ""crushed ice"", ""Bourbon""]","Minty Bourbon Smash

Ingredients:
- 2 fluid ounces simple syrup
- 1/2 cup crushed ice
- 2 ounces bourbon
- Fresh mint sprigs

Instructions:
1. In a rocks glass, mix together the simple syrup and crushed ice. 
2. Pour in the bourbon, and stir to combine.
3. Garnish with fresh mint sprigs, and enjoy!"
"[""eggs"", ""sugar"", ""cinnamon"", ""cloves"", ""pumpkin"", ""salt"", ""ginger"", ""milk"", ""pastry shell""]","Pumpkin Pie with Cinnamon, Cloves and Ginger

Ingredients:

- 3/4 cup of sugar
- 1 teaspoon of cinnamon
- 1 teaspoon of cloves
- 1 teaspoon of ground ginger
- 2 tablespoons of salted butter, softened
- 1/4 cup of milk
- 2 eggs
- 2 cups of pumpkin puree
- 1 9-inch unbaked pastry shell 

Instructions:

1. Preheat the oven to 375 degrees F (190 C).

2. In a medium bowl, cream together the sugar, cinnamon, cloves, and ginger.

3. In a separate bowl, beat together the butter, milk, and eggs.

4. Add the pumpkin puree to the egg mixture and mix until smooth.

5. Gradually stir in the sugar mixture until blended.

6. Pour the mixture into the unbaked pastry shell.

7. Bake for 45 minutes or until a knife inserted into the center comes out clean.

8. Allow to cool before serving. Enjoy!"
"[""White rice"", ""Carrot"", ""Onion"", ""Green peppers"", ""granules"", ""Salt"", ""Onion"", ""Ground meat"", ""Water"", ""curry roux"", ""Egg"", ""Milk"", ""Heavy cream""]","Curried Rice with Carrots, Onions, Green Peppers, and Ground Meat

Ingredients:

- 2 cups White Rice
- 1 Carrot, chopped
- 1 Onion, chopped
- 1 Green Pepper, chopped
- 2 tablespoons Granules
- 1 teaspoon Salt
- ½ onion, diced
- ½ lb Ground Meat
- 2 cups Water
- 2 tablespoons Curry Roux
- 1 Egg
- ¼ cup Milk
- 2 tablespoons Heavy Cream

Instructions:

1. In a large saucepan over medium heat, cook the ground meat until it is browned.

2. Add the onions, carrots, and green pepper to the pan and cook for an additional 5 minutes or until vegetables are softened.

3. Stir in the white rice, granules, salt, and water and bring to a boil.

4. Reduce the heat to low, cover, and simmer for 15 minutes.

5. In a small bowl, mix together the curry roux, egg, milk, and heavy cream and stir until a paste forms.

6. Add the curry paste to the pan and stir to combine.

7. Cover the pan and cook for an additional 10 minutes or until the rice is cooked through.

8. Serve hot. Enjoy!"
"[""potatoes"", ""tomato paste"", ""vegetable oil"", ""oregano"", ""fennel seeds"", ""paprika"", ""basil"", ""garlic"", ""salt"", ""sugar"", ""parmesan cheese""]","Fennel Tomato Potatoes
Ingredients: 

- 2 large potatoes, peeled and cubed
- 2 tablespoons tomato paste
- 2 tablespoons vegetable oil
- 1 teaspoon oregano
- 1 teaspoon fennel seeds
- 1 teaspoon paprika
- 1 teaspoon basil
- 2 cloves garlic, minced
- Salt, to taste
- 1 teaspoon sugar
- 2 tablespoons grated Parmesan cheese

Instructions:

1. Preheat the oven to 350°F.

2. Place the cubed potatoes onto a baking sheet lined with parchment paper.

3. In a small bowl, combine the tomato paste, vegetable oil, oregano, fennel seeds, paprika, basil, garlic, salt, and sugar. Mix until combined.

4. Pour the mixture over the potatoes and mix until all of the potatoes are evenly coated with the sauce.

5. Bake in the preheated oven for 30 minutes, stirring once halfway through.

6. Remove from the oven and sprinkle the Parmesan cheese over the potatoes.

7. Serve warm. Enjoy!"
"[""fruit punch"", ""champagne"", ""ginger ale""]","Fruit Punch Champagne Ginger Ale
Ingredients: 
- 4 cups of orange juice
- 2 cups of pineapple juice
- 1 cup of grenadine syrup 
- 1 bottle of cold champagne
- 1 bottle of ginger ale

Instructions:
1. In a large pitcher, combine orange juice, pineapple juice, and grenadine syrup.
2. Add the champagne and stir gently to combine.
3. Add the ginger ale and stir gently.
4. Serve chilled over ice. Enjoy!"
"[""apples"", ""cinnamon"", ""nutmeg"", ""sugar"", ""milk"", ""Bisquick"", ""eggs"", ""butter"", ""nuts"", ""brown sugar"", ""raisins""]","Apple Cinnamon Streusel Muffins

Ingredients:

- 2 apples, peeled, cored and finely chopped
- 1 teaspoon ground cinnamon
- 1/3 cup nutmeg
- 1/3 cup granulated sugar
- 1 cup milk
- 1/2 cup Bisquick
- 2 eggs
- 4 tablespoons butter, melted
- 1/2 cup chopped nuts
- 1/4 cup brown sugar
- 2 tablespoons raisins

Instructions:

1. Preheat oven to 375°F. Grease a 12-cup muffin tin with non-stick cooking spray.

2. In a medium bowl, combine the apples, cinnamon and nutmeg; set aside.

3. In a large bowl, whisk together the granulated sugar, milk, Bisquick and eggs until combined.

4. Add the melted butter and stir until combined.

5. Add the chopped nuts and mix until just combined.

6. Add the prepared apple mixture and stir until just combined.

7. Divide the batter evenly among the prepared muffin cups.

8. In a small bowl, combine the brown sugar and raisins and sprinkle over the tops of the muffins.

9. Bake for 18-20 minutes or until a toothpick inserted into the center of the muffins comes out clean.

10. Allow to cool in the pan for a few minutes before transferring to a wire rack to cool completely. Enjoy!"
"[""almonds unblanched"", ""flour"", ""whole wheat flour"", ""turbinado sugar"", ""baking soda"", ""eggs"", ""vanilla""]","Whole Wheat Almond Pancakes
Ingredients:
- 2 cups unbleached flour
- 1 cup whole wheat flour
- 2 teaspoons baking soda
- 1 teaspoon turbinado sugar
- 1/2 teaspoon salt
- 2 tablespoons almond meal
- 2 eggs
- 1 1/2 cups milk
- 2 tablespoons melted butter
- 2 teaspoons vanilla
- 1/2 cup almonds, roughly chopped

Instructions:
1. In a medium-sized bowl, whisk together the flours, baking soda, turbinado sugar and salt.
2. In a separate bowl, mix together the almond meal, eggs, milk, melted butter and vanilla until well combined.
3. Using a fork or whisk, slowly add the wet ingredients to the dry mixture and stir until evenly combined.
4. Heat a large non-stick skillet over medium heat.
5. Once the pan is hot, lightly grease it with butter or cooking spray.
6. Using a 1/4 cup measuring cup, pour some of the pancake batter onto the skillet. Sprinkle the top with some of the chopped almonds.
7. Cook the pancakes for 3 minutes, then flip and cook on the other side for another 2-3 minutes, or until golden brown.
8. Serve warm with your favorite syrup or toppings. Enjoy!"
"[""dried apricots"", ""coconut"", ""condensed milk"", ""confectioners sugar""]","Dried Apricot Coconut Delight

Ingredients:

- 1 cup dried apricots 
- 3/4 cup coconut flakes 
- 1/2 cup condensed milk 
- 2 tablespoons confectioners sugar 

Instructions:

1. Preheat the oven to 350F (180C).

2. Spread the apricots and coconut flakes on a baking sheet and toast in the preheated oven for 8 minutes.

3. In a medium bowl, combine the condensed milk and confectioners sugar.

4. Add the toasted apricots and coconut flakes to the bowl and stir well to combine.

5. Grease a 9x9 inch baking pan with butter or oil.

6. Place the apricot coconut mixture into the greased pan and press down gently.

7. Bake in the preheated oven for 15 minutes, or until lightly golden brown.

8. Let cool completely before serving. Enjoy!"
"[""rice"", ""frozen thawed"", ""celery"", ""onion"", ""margarine"", ""almonds"", ""shredded cheese"", ""mushroom soup"", ""milk"", ""almonds""]","Frozen Thawed Celery Onion Margarine Stir-Fry

Ingredients:

-1/2 cup frozen thawed celery
-1/2 cup chopped onion
-2 tablespoons margarine
-2 tablespoons almonds, chopped
-1/2 cup shredded cheese
-1/4 teaspoon garlic powder
-1/8 teaspoon ground black pepper
-1 can (10.5 ounces) mushroom soup
-1/2 cup milk
-2 tablespoons almonds, sliced

Directions:

1. Melt the margarine in a large skillet over medium heat.

2. Add the celery and onion and cook for 5 minutes, stirring occasionally.

3. Add the almonds and stir to combine.

4. Sprinkle the garlic powder and pepper over the vegetables and stir to combine.

5. Pour in the mushroom soup and milk and stir to combine.

6. Bring the mixture to a boil and reduce the heat to low. Simmer for 10 minutes, stirring occasionally.

7. Add the shredded cheese and sliced almonds and stir to combine.

8. Cover the skillet and continue to simmer for 5 minutes until the cheese has melted.

9. Serve the stir-fry hot over cooked rice. Enjoy!"
"[""cream of mushroom soup"", ""milk"", ""American cheese"", ""chicken"", ""macaroni"", ""eggs"", ""oleo"", ""bread crumbs""]","Cream of Mushroom Soup Mac 'n Cheese Bake

Ingredients:

-1 can (10.5 oz) Cream of Mushroom Soup
-2 cups milk
-2 cups shredded American cheese
-2 cups cooked chicken, cubed or shredded
-1 cup uncooked macaroni
-2 eggs, lightly beaten
-2 tablespoons olive oil
-1/2 cup bread crumbs

Instructions:

1. Preheat oven to 350°F.

2. In a large bowl, mix together soup, milk, cheese and chicken.

3. Add macaroni, eggs and olive oil. Stir until combined.

4. Pour mixture into a greased 9x13 baking dish. Sprinkle with bread crumbs.

5. Bake for 30 minutes or until golden and bubbly. Serve warm. Enjoy!"
"[""beef wieners"", ""vegetables"", ""buns""]","Grilled Cheese and Weiners with Vegetables and Buns

Ingredients:

- 4 hot dogs (weiners)
- 4 slices of cheese
- 2 buns
- 1 onion, chopped
- 1 bell pepper, chopped
- 1 zucchini, chopped
- 2 tablespoons olive oil
- Salt and pepper to taste

Instructions:

1. Preheat a grill or large skillet to medium heat.

2. Slice the hot dogs lengthwise and grill for about 3 minutes on each side until lightly charred and cooked through.

3. Add the onions, bell peppers, and zucchini to the pan and cook for about 5 minutes until softened.

4. Place half of the grilled hot dogs onto each bun. Top with a slice of cheese.

5. Add the vegetables to the buns and top with the other half of the hot dogs.

6. Drizzle each sandwich with olive oil, season with salt and pepper, and serve. Enjoy!"
"[""butter"", ""hot milk"", ""bread crumbs"", ""salt"", ""pepper"", ""onion"", ""eggs"", ""grated cheese""]","Hot Milk and Butter French Toast

Ingredients: 

-1/2 cup butter, melted
-2 1/2 cups hot milk 
-3 eggs 
-1/2 cup bread crumbs 
-1 teaspoon salt 
-1/4 teaspoon pepper 
-2 tablespoons finely chopped onion 
-1/2 cup grated cheese 

Instructions: 

1. Preheat oven to 375°F. 

2. In a medium bowl, whisk together the melted butter and hot milk. 

3. In a separate bowl, beat the eggs. Add the bread crumbs, salt, pepper, onion and grated cheese to the egg mixture and mix well. 

4. Pour the egg mixture into the hot milk and butter mixture and stir to combine. 

5. Grease a 9x13 inch baking dish with butter or cooking spray. 

6. Pour the batter into the prepared baking dish and spread evenly. 

7. Bake for 30 minutes or until golden brown. 

8. Serve warm with extra butter and maple syrup. Enjoy!"
"[""sugar"", ""milk"", ""cornstarch"", ""vanilla"", ""bread"", ""milk"", ""eggs"", ""nutmeg""]","Vanilla Sweet Bread
Ingredients:
- 2 cups bread flour
- 2 teaspoon baking powder
- 1/2 cup sugar
- 1/2 cup corn starch
- 1 teaspoon vanilla extract
- 3 eggs
- 1 cup milk
- 2 tablespoon melted butter
- 1 teaspoon nutmeg

Instructions:

1. Preheat oven to 375°F. Grease a 9x5 inch loaf pan with butter and set aside.

2. In a medium bowl, whisk together the bread flour, sugar, corn starch, baking powder and nutmeg.

3. In a separate bowl, whisk together the eggs, milk, melted butter and vanilla extract until fully combined.

4. Gradually add the wet ingredients to the dry ingredients and mix until just combined. Be careful not to overmix.

5. Pour the batter into the prepared loaf pan and bake for 30-35 minutes, or until a toothpick inserted into the center comes out clean.

6. Let cool in the pan for 10 minutes before transferring to a wire rack to cool completely. Enjoy!"
"[""golden raisins"", ""currants"", ""dried cherries"", ""dried apricots"", ""walnuts"", ""lemon"", ""brandy"", ""butter"", ""brown sugar"", ""eggs"", ""flour"", ""salt"", ""baking powder"", ""ground cinnamon"", ""allspice"", ""freshly ground nutmeg"", ""orange juice"", ""brandy""]","Golden Raisin, Currant, and Dried Fruit Scones
Ingredients: 
- ½ cup golden raisins 
- ¼ cup currants 
- ¼ cup dried cherries 
- ¼ cup dried apricots 
- ¼ cup walnuts 
- Zest of one lemon 
- 2 tablespoons brandy 
- 4 tablespoons butter, melted 
- ½ cup light brown sugar 
- 2 eggs 
- 2 cups all-purpose flour 
- 1 tablespoon salt 
- 1 teaspoon baking powder 
- 2 teaspoons ground cinnamon 
- ½ teaspoon allspice 
- ¼ cup freshly ground nutmeg 
- ¼ cup orange juice 
- 2 tablespoons brandy 
Directions: 
1. Preheat the oven to 375 degrees F. Grease a baking sheet with butter. 
2. In a medium bowl, combine the golden raisins, currants, dried cherries, dried apricots, walnuts, lemon zest, and brandy. Stir until well mixed. 
3. In a separate bowl, cream together the melted butter and brown sugar until light and fluffy. Beat in the eggs, one at a time. 
4. In another bowl, whisk together the flour, salt, baking powder, cinnamon, allspice, and nutmeg. Slowly add this dry mixture to the wet ingredients, stirring just until combined. 
5. Gently fold in the fruit mixture and orange juice. 
6. Turn the dough out onto a lightly floured surface, and knead for about 5 minutes. Roll out to about ½ inch thickness and cut into desired shapes (circles or triangles). Place on the prepared baking sheet. 
7. Brush the tops of the scones with the remaining brandy. Bake for 18-20 minutes, or until lightly golden brown. 
8. Allow to cool before serving. Enjoy!"
"[""corn tortillas"", ""Vegetable oil"", ""orange"", ""lime juice"", ""salt"", ""oregano"", ""cilantro"", ""red onion"", ""tomato"", ""Freshly ground black pepper"", ""sauce""]","Taco Salad with Orange-Lime Dressing

Ingredients:

- 2 Corn Tortillas, cut into thin strips
- 1/4 cup Vegetable Oil
- Juice of 1 Orange
- Juice of 1 Lime
- 1/4 teaspoon Salt
- 1/4 teaspoon Oregano
- 1/4 teaspoon Cilantro
- 1/4 cup chopped Red Onion
- 1/2 Tomato, diced
- Freshly ground Black Pepper
- Salsa (to taste)

Instructions:

1. Preheat the oven to 350 degrees F. Spread the corn tortilla strips on a baking sheet and lightly brush with vegetable oil.

2. Bake in the preheated oven for 8 minutes, or until golden and crispy. Remove from oven and set aside.

3. In a small bowl, whisk together orange juice, lime juice, salt, oregano, cilantro, red onion, and black pepper.

4. In a large bowl, combine the cooked tortilla strips, tomato, and salsa. Pour the orange-lime dressing over the mixture and toss to combine.

5. Serve the taco salad immediately or refrigerate for up to two days. Enjoy!"
"[""tart applesauce"", ""lemon juice"", ""sugar"", ""eggs"", ""butter"", ""nutmeg"", ""salt""]","Tart Apple Sauce with Lemon Juice

Ingredients:

-1 cup tart apple sauce 
-1/4 cup lemon juice 
-2 tablespoons sugar 
-2 large eggs 
-3 tablespoons butter 
-1 tablespoon nutmeg 
-1/2 teaspoon salt 

Instructions:

1. Preheat your oven to 375 degrees F.

2. In a small bowl, whisk together the tart apple sauce, lemon juice, sugar, and eggs until well combined.

3. Grease an 8-inch round cake pan with the butter and pour in the apple sauce mixture.

4. Sprinkle the nutmeg and salt over the top of the mixture.

5. Bake for 25 minutes or until the tart is golden brown and set in the center.

6. Allow to cool before serving. Enjoy!"
"[""potatoes"", ""butter"", ""garlic"", ""shallots"", ""flour"", ""milk"", ""buttermilk"", ""white pepper"", ""mayonnaise"", ""mustard"", ""worcestershire sauce"", ""parsley"", ""blue cheese"", ""mushrooms"", ""potato chips"", ""broccoli"", ""pimentos""]","Creamy Garlic Potato Gratin
Ingredients:
- 2 ½ cups potatoes, peeled and thinly sliced
- 3 tablespoons butter
- 3 cloves garlic, minced
- 1 shallot, finely chopped
- 2 tablespoons flour
- 1 cup milk
- ¼ cup buttermilk
- ¼ teaspoon white pepper
- 2 tablespoons mayonnaise
- 1 teaspoon mustard
- 1 tablespoon Worcestershire sauce
- 2 tablespoons parsley, finely chopped
- 2 tablespoons blue cheese, crumbled
- ½ cup mushrooms, sliced
- ¾ cup potato chips
- ½ cup broccoli, chopped
- ½ cup pimentos
Instructions:
1. Preheat the oven to 350°F.
2. Grease a 9x13-inch baking dish with butter.
3. In a medium bowl, combine the potatoes, butter, garlic, shallot, flour, milk, buttermilk, white pepper, mayonnaise, mustard, Worcestershire sauce, parsley, and blue cheese. Mix well until everything is evenly combined.
4. Pour into the prepared baking dish and top with the mushrooms, potato chips, broccoli, and pimentos.
5. Bake for 35 minutes or until the potatoes are tender and golden brown.
6. Serve warm. Enjoy!"
"[""raspberries"", ""sugar"", ""lemon juice"", ""gelatin"", ""cold water"", ""boiling water"", ""whipping cream""]","Lemon Raspberry Gelatin Parfait
Ingredients:
-1 cup raspberries
-1/4 cup sugar
-3 tablespoons lemon juice
-1 tablespoon cold water
-2 teaspoons unflavored gelatin
-1 cup boiling water
-1 cup whipping cream

Instructions:

1. In a medium bowl, combine raspberries and sugar.
2. Stir in lemon juice and cold water.
3. In a separate bowl, sprinkle gelatin over the boiling water and stir until dissolved.
4. Add gelatin mixture to raspberry mixture and stir until combined.
5. In a separate bowl, whip the cream until soft peaks form.
6. Gently fold the whipped cream into the raspberry mixture.
7. Pour the mixture into individual serving dishes or one large dish.
8. Place in refrigerator and let chill until set, about 4 hours.
9. Serve chilled with fresh berries, if desired."
"[""water"", ""pearl barley"", ""porcini mushrooms"", ""boiling water"", ""olive oil"", ""stalks celery"", ""carrots"", ""onion"", ""cremini mushrooms"", ""thyme"", ""vegetable stock"", ""sherry"", ""salt"", ""ground black pepper"", ""red wine vinegar"", ""parsley"", ""parmesan cheese""]","Pearl Barley Porcini Mushrooms Risotto

Ingredients:

- 2 cups pearl barley
- 1 cup porcini mushrooms, diced
- 2 tablespoons olive oil
- 1 stalk celery, diced
- 1 carrot, diced
- 1 onion, diced
- 1 cup cremini mushrooms, diced
- 1 teaspoon thyme
- 2 cups vegetable stock
- 1/2 cup sherry
- 1 teaspoon salt
- 1/2 teaspoon ground black pepper
- 2 tablespoons red wine vinegar
- 2 tablespoons parsley, chopped
- 2 tablespoons Parmesan cheese, grated

Instructions:

1. Heat olive oil in a large saucepan over medium heat.

2. Add celery, carrot and onion and sauté until softened, about 5 minutes.

3. Add mushrooms, thyme, and pearl barley and sauté for another 5 minutes.

4. Pour in vegetable stock, sherry, salt, and ground black pepper and bring to a simmer.

5. Cook, stirring occasionally, until the liquid has been absorbed and the pearl barley is tender, about 25 minutes.

6. Remove from heat and stir in red wine vinegar, parsley, and Parmesan cheese.

7. Serve hot with extra Parmesan cheese, if desired. Enjoy!"
"[""eggs"", ""parsley"", ""fresh chives"", ""gruyere cheese"", ""mustard"", ""salt""]","Grilled Gruyere Cheese and Parsley Sandwich
Ingredients:
- 2 slices of fresh sourdough bread
- 1 tablespoon of butter
- 2 tablespoons of freshly chopped parsley
- 2 ounces of grated Gruyere cheese
- 2 teaspoons of Dijon mustard
- Pinch of salt

Instructions:
1. Begin by preheating a skillet or griddle over medium heat.
2. Spread the butter evenly onto one side of each piece of bread.
3. Place one slice, butter side down, onto the skillet or griddle.
4. Sprinkle the grated Gruyere cheese and chopped parsley evenly onto the other slice of bread.
5. Spread the Dijon mustard onto the cheese and parsley.
6. Place the other slice of bread, butter side up, on top of the cheese and parsley.
7. Cook until lightly browned, then flip and repeat the same process.
8. Once both sides are lightly browned, remove from heat and sprinkle a pinch of salt on top.
9. Cut in half and enjoy!"
"[""frozen hash browns"", ""onions"", ""sour cream"", ""oleo"", ""salt"", ""shredded cheese"", ""cream of chicken soup""]","Frozen Hash Brown Casserole
Ingredients: 
- 2 cups frozen shredded hash browns
- 1 small onion, diced
- 1/2 cup sour cream
- 1/4 cup melted oleo
- 1/2 teaspoon salt
- 1/4 cup shredded cheese
- 1 can cream of chicken soup

Instructions:
1. Preheat oven to 375°F.
2. In a large bowl, mix together all ingredients until evenly combined.
3. Grease a 9x13 inch baking dish with cooking spray and spread the mixture in the dish.
4. Bake for 30 minutes, until the hash browns are golden brown and cooked through.
5. Serve hot with your favorite toppings. Enjoy!"
"[""cornbread"", ""enchilada sauce"", ""salt"", ""ground beef chuck"", ""tomato sauce"", ""cheese blend""]","Cheesy Enchilada Beef Chuck Cornbread
Ingredients:
- ½ cup cornmeal
- 1 teaspoon baking powder
- ¼ teaspoon baking soda
- ½ teaspoon salt
- 1 cup grated cheese blend
- ¼ cup melted butter
- 1 cup buttermilk
- 1 pound ground beef chuck
- 1 onion, diced
- 2 cloves garlic, minced
- 1 teaspoon chili powder
- 1 teaspoon ground cumin
- 2 tablespoons enchilada sauce
- 1 cup tomato sauce
- Salt and pepper to taste

Instructions:
1. Preheat oven to 375°F. Grease a 9-inch round or square baking dish with butter.
2. In a medium bowl, combine the cornmeal, baking powder, baking soda, and salt. Stir in the cheese blend and melted butter until combined. Pour in the buttermilk and stir until the batter is just combined. Spread the batter into the prepared baking dish.
3. In a large skillet over medium heat, cook the ground beef chuck with the onion, garlic, chili powder, and cumin for about 7 minutes, or until the beef is cooked through. Drain off any fat. Stir in the enchilada sauce and tomato sauce. Season with salt and pepper to taste.
4. Spread the beef mixture over the cornbread batter in the baking dish. Bake for 25 minutes, or until the top layer of cornbread is golden brown. Slice into wedges and serve. Enjoy!"
"[""sugar"", ""light corn syrup"", ""salt"", ""flour"", ""eggs"", ""margarine"", ""vanilla"", ""pecans""]","Sugar Cookie Pancakes
Ingredients:
- 1 cup light corn syrup 
- 2 teaspoons salt 
- 2 cups all-purpose flour
- 4 eggs 
- ¼ cup margarine, melted 
- 1 teaspoon vanilla extract
- ½ cup chopped pecans 

Instructions:
1. In a medium bowl, whisk together the corn syrup, salt, and flour until combined.
2. In a separate bowl, beat together the eggs, melted margarine, and vanilla extract.
3. Add the wet ingredients to the dry and mix until everything is evenly blended.
4. Fold in the chopped pecans.
5. Heat a non-stick skillet over medium heat.
6. Drop spoonfuls of the batter onto the hot skillet and cook until golden brown.
7. Flip and cook for another 1-2 minutes.
8. Serve with your favorite pancake toppings and enjoy!"
"[""brown sugar"", ""butter"", ""egg"", ""vanilla"", ""flour"", ""baking soda"", ""salt"", ""chocolate chips""]","Chocolate Chip Brown Sugar Cookies

Ingredients:

- 2 cups all-purpose flour
- 1 teaspoon baking soda
- 1/2 teaspoon salt
- 1 cup butter, softened
- 3/4 cup brown sugar
- 3/4 cup white sugar
- 2 eggs
- 1 teaspoon vanilla extract
- 1 cup chocolate chips

Instructions:

1. Preheat oven to 350 degrees F (175 degrees C).
2. In a medium bowl, stir together the flour, baking soda and salt; set aside.
3. In a large bowl, cream together the butter and sugars until light and fluffy. Beat in the eggs one at a time, then stir in the vanilla. Gradually stir in the dry ingredients until just blended. Finally, mix in the chocolate chips.
4. Drop rounded spoonfuls of dough onto ungreased baking sheets.
5. Bake for 8 to 10 minutes in the preheated oven, or until the edges are lightly golden. Allow cookies to cool on baking sheet for 5 minutes before transferring them to a wire rack to cool completely."
"[""tomatoes"", ""baby portabello mushrooms"", ""extra virgin olive oil"", ""balsamic vinegar"", ""rosemary"", ""oregano"", ""basil"", ""salt""]","Tomato and Baby Portabello Mushroom Pasta
Ingredients: 
- 2 tomatoes, diced 
- 2 baby portabella mushrooms, sliced 
- 2 tablespoons extra virgin olive oil 
- 1 tablespoon balsamic vinegar 
- 1 teaspoon rosemary 
- 1 teaspoon oregano 
- 1 tablespoon basil 
- Salt, to taste

Instructions:
1. Heat the olive oil in a skillet over medium heat.
2. Add the tomatoes and mushrooms to the skillet and cook for 5 minutes, stirring periodically.
3. Add the balsamic vinegar, rosemary, oregano, basil, and salt to the skillet and stir to combine.
4. Cook for an additional 3 minutes, stirring periodically.
5. Serve over cooked pasta of your choice. Enjoy!"
"[""flour"", ""sugar"", ""oil"", ""milk"", ""eggs"", ""salt"", ""baking powder"", ""vanilla"", ""almond extract"", ""butter"", ""poppy seed""]","Almond Poppy Seed Cookies 
Ingredients: 

- 2 cups all-purpose flour 
- 1 cup sugar 
- ½ cup oil  
- ¼ cup milk 
- 2 eggs 
- ¼ teaspoon salt 
- 1 teaspoon baking powder 
- ½ teaspoon vanilla extract 
- ½ teaspoon almond extract 
- 2 tablespoons butter 
- 2 teaspoons poppy seeds 

Instructions: 

1. Preheat oven to 350F. 

2. In a large bowl, whisk together flour, sugar, salt, and baking powder. 

3. In a separate bowl, whisk together oil, milk, eggs, vanilla extract, and almond extract. 

4. Add wet ingredients to the dry ingredients and mix until just combined. 

5. Add butter and poppy seeds and mix until just combined.

6. Drop tablespoon-sized mounds of dough onto a greased baking sheet. 

7. Bake for 12-15 minutes or until golden brown. 

8. Allow cookies to cool before serving. Enjoy!"
"[""pumpkin"", ""milk"", ""eggs"", ""sugar"", ""salt"", ""pumpkin pie spice"", ""margarine"", ""yellow cake"", ""walnuts""]","Pumpkin Pie Spice Cake
Ingredients:
- 1/2 cup pumpkin puree
- 1/4 cup milk
- 2 eggs
- 1/2 cup sugar
- 1 pinch of salt
- 1 teaspoon pumpkin pie spice
- 1/4 cup margarine
- Yellow cake mix
- 1/2 cup chopped walnuts

Instructions:

1. Preheat oven to 350 degrees F. Grease a 9-inch round cake pan.

2. In a medium bowl, mix together the pumpkin puree, milk, eggs, sugar, and salt until smooth.

3. In a large bowl, mix together the pumpkin pie spice, margarine, and yellow cake mix.

4. Slowly add the pumpkin mixture to the cake mix and stir until combined.

5. Fold in the chopped walnuts.

6. Pour batter into prepared pan.

7. Bake for 30-35 minutes or until a toothpick inserted into the center of the cake comes out clean.

8. Allow to cool before serving. Enjoy!"
"[""tomatoes"", ""tomato paste"", ""garlic"", ""salt"", ""water"", ""olive oil""]","Tomato and Garlic Pasta
Ingredients: 
- 2 tablespoons olive oil
- 2 cloves of garlic, diced
- 1 can of tomato paste
- 1/2 teaspoon salt
- 2 tomatoes, chopped
- 1/2 cup of water

Directions:
1. Heat the olive oil in a large skillet over medium heat.
2. Add the garlic and sauté until fragrant, about 1 minute.
3. Add the tomato paste, salt, tomatoes, and water.
4. Simmer for 10 minutes, stirring occasionally.
5. Once the sauce is thickened and reduced, remove from heat.
6. Serve over cooked pasta. Enjoy!"
"[""ground round"", ""onions"", ""green pepper"", ""basil"", ""pepper"", ""oregano"", ""sugar"", ""garlic"", ""parsley"", ""red kidney beans"", ""hominy""]","Ground Round Onion Soup
Ingredients:
• 2 tbsp olive oil
• 1 large yellow onion, diced
• 1 green pepper, diced
• 1 tsp dried basil
• 1/2 tsp black pepper
• 1/2 tsp oregano
• 1/2 tsp sugar
• 2 cloves garlic, minced
• 1/4 cup parsley, chopped
• 1 lb ground round
• 4 cups chicken broth
• 1 can (15 oz) red kidney beans, drained and rinsed
• 1/2 cup hominy
Instructions:

1. Heat the olive oil in a large pot over medium heat.

2. Add the onion and green pepper and sauté until softened, about 5 minutes.

3. Add the basil, black pepper, oregano, sugar, and garlic and stir to combine.

4. Add the ground round and cook for another 7-8 minutes, stirring occasionally.

5. Pour in the chicken broth and bring to a boil.

6. Reduce the heat and add the red kidney beans and hominy. Simmer for 15-20 minutes, stirring occasionally.

7. Taste and adjust seasonings as needed.

8. Serve with freshly chopped parsley. Enjoy!"
"[""crescent rolls"", ""cheese"", ""cream of chicken soup"", ""fresh broccoli"", ""sweet red pepper"", ""water chestnuts"", ""white chicken"", ""chicken"", ""onion""]","Crescent Roll Cheesy Chicken Soup:

Ingredients:

- 2 cans crescent roll dough
- 2 cups shredded cheese, divided
- 2 tablespoons butter
- 1 ½ cups diced white chicken
- ½ onion, finely diced 
- 2 cups chicken broth
- 1 teaspoon dried thyme
- 1 teaspoon garlic powder
- Salt and pepper to taste
- 1 cup cream of chicken soup
- 1 cup fresh broccoli, chopped
- ½ cup sweet red pepper, diced
- ½ cup water chestnuts, diced

Instructions:

1. Preheat oven to 375°F (190°C). Grease a 9x13 inch baking pan.

2. Unroll the crescent roll dough and spread it evenly in the prepared baking pan. Sprinkle with 1 cup of cheese.

3. In a medium saucepan, melt butter over medium heat. Add the diced chicken and onion, and cook until the chicken is almost cooked through, about 5 minutes.

4. Add the chicken broth, thyme, garlic powder, salt and pepper, and stir to combine. Simmer for 10 minutes.

5. Add the cream of chicken soup and stir to combine. Simmer for 10 more minutes, stirring occasionally.

6. Pour the chicken mixture into the prepared pan and spread out evenly. Sprinkle with remaining cheese.

7. Top with the fresh broccoli, sweet red pepper, and water chestnuts.

8. Bake for 25 minutes, or until the crescent rolls are golden brown and the cheese is melted. Serve warm. Enjoy!"
