NER,ingredients,directions
"['Flour, Salt, Baking Powder, Sugar, Crisco, egg, vinegar, Water']","[' 5 c. flour', ' 1 tsp. salt', ' 2 tsp. baking powder', ' 2 tsp. sugar', ' 2 c. shortening', ' 1 egg', ' 1 tbsp. vinegar', ' 1/2 c. water']","[' add the egg, vinegar and water to the first 5 ingredients.', ' mix until crumbly.', ' add more flour if needed.', ' chill for 1 hour before rolling out.']"
"['thin pretzels, margarine']","[' 1 1/4 c. thin pretzels, crushed', ' 3/4 c. margarine or butter']","[' mix pretzels with margarine.', ' press into a 9 x 13 inch ungreased pan. bake at 350 for 10 minutes.', ' cool.']"
"['sugar, orange juice, lemon juice']","[' 1 1/3 c. sugar', ' 1 pkg. kool aid', ' 2 c. orange juice', ' 1/2 c. lemon juice']","[' make kool aid as directed.', ' add orange and lemon juices.', ' freeze.', ' enjoy.']"
"['sour cream, mayo, parsley flakes, onion, Worcestershire sauce, Accent, season salt, dill weed']","[' 1 c. sour cream', ' 1 c. mayo', ' 1 tbsp. parsley flakes', ' 1 tbsp. minced onion', ' 1 tsp. mrs. dash', ' 2 tsp. mrs. dash', ' 1 tsp. mustard a bit darker', ' 2 tsp. worcestershire sauce', ' 1 tsp. accent', ' 1 tsp. season salt', ' 2 tsp. dill weed']","[' mix ingredients.', ' store in covered bowl in refrigerator.', ' good on party rye, pumpernickel, etc.']"
"['sugar, water, active dry yeast, milk, water, salt, sugar, baking powder, raisins, egg yolks, egg whites, flour, oil']","[' 1 tablespoon sugar', ' 1 cup water lukewarm', ' 2 packages active dry yeast 1 oz each', ' 3/4 cup milk warm', ' 1 cup water lukewarm', ' 2 teaspoons salt', ' 3 tablespoons sugar', ' 1 teaspoon baking powder', ' 2 cups raisins, chopped', ' 2 egg yolks', ' 2 egg whites', ' 4 1/2 cups flour', ' 1/4 cup oil']","[' dissolve 1 t sugar in 1 cup water and dissolve yeast.', ' combine warm milk, 1 cup water, salt, 2 tbsp sugar, baking powder, raisins, and egg yolks.', ' beat well with electric mixer.', ' add yeast mixture, egg whites, flour, and oil.', ' beat with electric mixer until smooth.', ' pour into a greased bowl.', ' cover and let rise in warm place 45 minutes.', ' preheat oven to 350.', ' punch down dough, turn out onto floured surface, and knead briefly.', ' roll into a rectangle about 18 x 9 inches.', ' cut into 2x1 inch squares.', ' place on lightly oiled baking sheets and place in oven until a light brown, about 10 minutes.', ' cut each square in half horizontally.', ' fill a small bowl half full of boiling water.', ' while dough is baking, drop 2 heaping tbsp. of jam into center of each square.', ' bake 5 to 6 minutes, or until jam is slightly hard, but not hard.']"
"['sweet roll, cinnamon, nuts, milk, butter, brown sugar, vanilla pudding']","[' 1 pkg. sweet roll mix', ' 1 tsp. cinnamon', ' 1 c. nuts', ' 1 tbsp. milk', ' 1/2 c. butter', ' 1 c. brown sugar', ' 1 pkg. vanilla pudding not instant']","[' grease a bundt pan.', ' cut roll dough into fourths.', ' put in pan.', ' sprinkle cinnamon and nuts on rolls.', ' in saucepan, melt butter, brown sugar and pudding.', ' heat until sticky, then pour over rolls.', ' let rise in a warm place overnight.', ' bake at 350 for 25 to 30 minutes.']"
"['chicken, carrots, garlic, green bell pepper, brown rice, chili powder, tomato sauce, garlic, pepper, water, cider vinegar, onion, olive oil, bay leaf']","[' 1 whole chicken', ' 3 carrots', ' 4 garlic cloves, minced', ' 1 green bell pepper', ' 12 cup brown rice', ' 1 teaspoon chili powder', ' 1 8 ounce can tomato sauce', ' 12 teaspoon garlic powder', ' 12 teaspoon pepper', ' 1 cup water', ' 2 tablespoons cider vinegar', ' 1 onion', ' 14 cup olive oil', ' 1 bay leaf']","[' in a bowl combine tomato sauce and water.', ' set aside.', ' wash chicken and pat dry.', ' cut into half breasts.', ' wash and slice carrots.', ' sprinkle chicken with garlic and pepper.', ' coat bottom of large sauce pan with olive oil.', ' add chicken and brown.', ' after browning remove chicken from pan.', ' add chopped onion, carrots and brown 1 minute.', ' add 2 cloves of minced garlic.', ' add the juice of the other clove of garlic.', ' add the remaining minced garlic, sliced green pepper, bay leaf, tomatoes, vinegar, and chili powder.', ' stir to mix well.', ' add chicken back to pan.', ' cover pan and bring to a boil.', ' reduce heat and simmer for 40 minutes or until chicken is cooked through and the sauce is thickened.', ' serve over cooked brown rice.']"
"['sweet potatoes, green bell pepper, onion, lemon pepper, mayonnaise, pepper']","[' 2 large sweet potatoes', ' 1 green bell pepper', ' 1 onion', ' 2 tbsp lemon pepper seasoning', ' 1/3 cup mayonnaise', ' 2 tbsp crushed pepper']","[' preheat oven to 350', ' boil the sweet potatoes.', ' saute the green pepper and onion with the lemon pepper seasoning until the onions are translucent.', ' while the onions are cooking prepare your mayonnaise.', ' allow the mayonnaise to cool and add the crushed pepper.', ' once the onions have been cooked add the mayonnaise into the sauteed vegetables and mix well.', ' add the sweet potatoes and mix well again.', ' then serve warm.']"
"['sugar, flour, baking soda, salt, orange, shortening']","[' 1 cup sugar', ' 2 cups all purpose flour', ' 1 teaspoon baking soda', ' 1 pinch salt', ' 1 orange, peeled and sectioned', ' 1/2 cup shortening']","[' mix all ingredients together well.', ' pour into a greased and floured 9x13 inch pan.', ' bake at 350 degrees f 175 degrees c for 30 minutes.']"
"['vegetable shortening, eggs, milk, vanilla, margarine, sugar, flour']","[' 1 c. vegetable shortening', ' 5 eggs', ' 1 c. milk', ' 1 tsp. vanilla', ' 1/2 lb. margarine', ' 3 c. sugar', ' 3 c. flour self rising']","[' combine margarine, sugar and shortening.', ' cream well. add eggs, one at a time, beating well after each addition.', ' add sifted flour alternately with milk.', ' add vanilla.', ' bake in a tube pan at 325 for 1 1/2 hours.']"
"['ground sausage, noodles, rosemary, basil, cayenne pepper, sage, oregano, bell pepper, onion, watch, mozzarella cheese']","[' 1 lb. ground sausage', ' 10 oz. pkg. noodles', ' 1/8 tsp. rosemary', ' 1/8 tsp. basil', ' 1/8 tsp. cayenne pepper', ' 1/4 tsp. sage', ' 1/4 tsp. oregano', ' 1 bell pepper', ' 1/2 onion', ' 1 can cheese sauce watch out for clumps', ' 1 8 oz. pkg. mozzarella cheese']","[' brown sausage, drain.', ' add pepper, onion and spices.', ' simmer until tender.', ' cook noodles.', ' drain noodles.', ' add meat sauce to noodles.', ' put in 9 x 13 inch pan.', ' top with mozzarella cheese.', ' bake at 350 for 30 minutes.']"
"['mushrooms, butter, basil, salt, whipping cream, Parmesan cheese, tomatoes']","[' 10 to 12 large mushrooms', ' butter', ' basil', ' salt and pepper', ' 1 c. whipping cream', ' 1 c. parmesan cheese', ' 2 to 3 medium tomatoes, cut in slices']","[' preheat oven to 350.', ' clean mushrooms.', ' clean mushrooms and slice.', ' place on cookie sheet.', ' dot with butter.', ' sprinkle with basil, salt and pepper.', ' bake for 20 minutes.', ' cool.', ' in bowl, combine cream and parmesan cheese beat until smooth.', ' pour over mushrooms and top with tomato slices.', ' bake 10 minutes longer.']"
"['wieners, bottles']","[' 2 lb. wieners', ' 2 large bottles cocktail cocktail beer']","[' cook wieners until all pink is gone, then drain the water and slice.', ' add cocktail beer and simmer about 30 minutes.', ' serves approximately 18.', ' save the beer you cooked the wieners in for another meal.']"
"['green pepper, onion, garlic, oil, tomatoes, kidney beans, pinto beans, whole kernel corn, water, long grain rice, chili powder, ground cumin']","[' 1/4 c. chopped green pepper', ' 1/4 c. chopped onion', ' 1 garlic clove, minced', ' 1 tbsp. oil', ' 1 16 oz. can tomatoes, undrained and chopped', ' 1 15 1/2 oz. can kidney beans, drained and rinsed', ' 1 15 1/2 oz. can pinto beans, drained and rinsed', ' 1 8 1/4 oz. can whole kernel corn, undrained', ' 3 c. water', ' 1/2 c. uncooked long grain rice', ' 1/2 tsp. chili powder', ' 1/4 tsp. ground cumin']","[' in a 3 quart saucepan, saute pepper, onion and garlic in oil for 2 minutes.', ' add remaining ingredients.', ' heat to boiling reduce heat.', ' simmer, covered, for 30 minutes or until rice is tender and liquid is absorbed.', ' yield', ' 6 cups.']"
"['chocolate cake mix, containers, Kahlua liqueur']","[' 1 pkg. chocolate cake mix', ' 2 10 oz. containers cool whip', ' 1/3 c. peach schnapps', ' 1/4 c. kahlua liqueur optional']","[' bake cake according to package directions for 2 round layers.', ' cool completely.', ' poke holes in each layer with large fork and cover each layer with 1/4 c. peach schnapps.', ' pour 1/3 c. liqueur over each layer.', ' fill holes with 1/2 cool whip.', ' cover with remaining cool whip and refrigerate.']"
"['corn, salt, sunflower oil, tarragon, shrimp, pickled jalapeno, red onion, short cucumber, creme fraiche, lemon, scallions, mint, cilantro']","[' 3 ears corn', ' salt and pepper', ' 6 tablespoons sunflower oil', ' 2 sprigs fresh tarragon', ' 3/4 pound large shrimp, peeled and deveined', ' 1 large pickled jalapeno, finely chopped', ' 1 small red onion, peeled and finely diced', ' 1/2 short cucumber, peeled and diced', ' 1/2 cup creme fraiche', ' juice of 1 lemon', ' 2 scallions, sliced', ' 2 tablespoons chopped mint', ' 2 tablespoons chopped cilantro']","[' put the corn in a steamer basket over a saucepan of boiling water and steam for 3 minutes.', ' let cool, then shuck and scrape the kernels off the cob.', ' you should have about 3 cups of corn.', ' place a large skillet over high heat and add half of the oil and bring to a boil.', ' add the corn kernels and cook until crisp tender, about 3 minutes.', ' season with salt and pepper.', ' transfer the cooled corn to a clean saucepan and toss with the tarragon and the remaining oil and salt and pepper.', ' toss in the shrimp and cook, tossing occasionally, until pink and cooked through, about 2 minutes.', ' transfer to a platter, cover with foil and keep warm.', ' heat the remaining oil in a skillet.', ' add the jalapeno and onion and saute until soft, about 2 minutes.', ' add the cucumber, creme fraiche and lemon juice and simmer until the liquid is reduced by half, about 4 minutes.', ' add the shrimp, scallions, mint and cilantro and toss gently.', ' season with salt and pepper and serve at once.']"
"['steak, onions, tomatoes, clove garlic, green bell peppers, soy sauce, sugar']","[' 1 round steak', ' 2 onions', ' 1 can tomatoes', ' 1 clove garlic', ' 2 green bell peppers', ' soy sauce', ' sugar']","[' brown the steak and onion.', ' add 1 can tomatoes, garlic and peppers.', ' add 1/2 bottle soy sauce and 1 teaspoon sugar.', ' cook on high 3 to 4 hours.', ' serve with rice and beans.']"
"['heavy, honey, graham cracker, honeydew melon, cantaloupe, strawberries, currant jelly']","[' 3/4 c. heavy or whipping cream', ' 1/4 c. honey', ' graham cracker', ' 1/2 honeydew melon, cut into 1 inch chunks', ' 1/2 cantaloupe, cut into 1 inch chunks', ' 1/2 c. sliced strawberries', ' 1/3 c. currant jelly']","[' combine cream and honey.', ' spread on bottom of 8 x 8 x 2 inch dish.', ' chill 1 hour.', ' top with fruit.', ' melt jelly over low heat until bubbly.', ' pour over fruit.', ' chill.', ' yields 12 servings.']"
"['white flour, whole wheat pastry flour, baking powder, salt, brown sugar, fresh chives, fresh parsley, thyme, cheddar cheese, egg, milk']","[' 1 1/4 cups white flour', ' 1/2 cup whole wheat pastry flour', ' 3 teaspoons baking powder', ' 1/2 teaspoon salt', ' 1 tablespoon brown sugar', ' 2 tablespoons fresh chives, minced', ' 1 tablespoon fresh parsley, minced', ' 1 1/2 teaspoons thyme', ' 1/2 cup sharp cheddar cheese, shredded', ' 1 egg', ' 1/3 cup milk']","[' preheat the oven to 425 f.', ' put the dry ingredients in a bowl, and stir to mix. add the cheese, then stir in the egg and milk.', ' turn the dough out onto a lightly floured board. pat out the dough into a circle about 1/2 inch thick. cut into 8 wedges with a knife or knife. i like to use a 2 1/2 inch round cutter to cut out the squares so i can get 4 at a time.', ' place them on an ungreased cookie sheet, and brush with melted butter.', ' bake for 15 minutes, or until golden brown.']"
"['bread slices, dill pickle, Swiss, mein noodles']","[' 4 lavash bread slices', ' 4 dill pickle spears', ' 4 slices american or sharp cheddar cheese', ' 1/2 cup chow mein noodles']","[' make each lavash sandwich by placing one slice on a cutting board.', ' place a pickle spear over each slice of lavash, then place a slice of cheese over each pickle, extending the pickle over the edges of the lavash.', ' spread the noodles over the lavash.', ' using an oven safe skillet, toast the lavash sandwiches until golden brown.', ' serve hot.']"
"['bibb lettuce, chives, bacon, franks, vinegar, garlic, sugar, salt, pepper, dry mustard']","[' 1 head boston or bibb lettuce', ' 2 tbsp. chopped chives', ' 4 strips bacon', ' 1 lb. franks, cut into 1 1/2 inch pieces', ' 1/3 c. vinegar', ' 1/2 tsp. minced garlic', ' 1 tsp. sugar', ' 1/2 tsp. salt', ' 1/2 tsp. pepper', ' 1/2 tsp. dry mustard']","[' rinse lettuce and tear into bite size pieces.', ' combine with chives set aside.', ' in a large skillet, fry bacon until crisp.', ' remove to paper towels reserve drippings in skillet.']"
"['ground beef, onion, olive oil, pinto beans, garbanzo beans, black beans, red beans, tomatoes, corn, taco seasoning, ranch seasoning, cheddar cheese']","[' 1 lb ground beef', ' 1 onion, chopped', ' 1 tablespoon olive oil', ' 1 16 ounce can pinto beans, drained', ' 1 16 ounce can garbanzo beans, drained', ' 1 16 ounce can black beans, drained', ' 1 16 ounce can red beans, drained', ' 2 14 1/2 ounce cans diced tomatoes with juice', ' 1 16 ounce can mexican style corn', ' 1 1 1/4 ounce package taco seasoning', ' 1 1 1/4 ounce package ranch seasoning', ' 2 cups cheddar cheese, shredded']","[' saute onions with oil until transparent.', ' remove onions from pan.', ' add ground beef to pan, and brown and drain.', ' mix all beans together.', ' mix all ingredients together and simmer until hot.', ' top with cheddar cheese and enjoy.']"
"['beans, hamburger, taco seasoning mix, taco sauce, sour cream, Cheddar cheese, Mozzarella cheese']","[' 1 can refried beans', ' 1 lb. hamburger', ' 1 pkg. taco seasoning mix', ' 1 small bottle taco sauce', ' 1 small tub sour cream', ' 1 c. shredded cheddar cheese', ' 1 c. shredded mozzarella cheese']","[' mix together the refried beans and 1/2 of the taco seasoning mix.', ' spread mixture in bottom of 8 x 8 pan.', ' brown meat and add remaining taco seasoning mix.', ' spread meat over refried beans.', ' spread taco sauce over meat.', ' top with sour cream, then cheeses.', ' bake at 350 until cheese is melted, about 15 minutes.']"
"['vegetable oil, skinless, salt, freshly ground black pepper, onion, saffron threads, garlic, tomato juice, dates, water, long-grain rice, green onions, Lemon wedges']","[' 3 tablespoons vegetable oil', ' 2 large skinless, boneless chicken breast halves about 1 pound', ' 1/2 teaspoon salt', ' 1/4 teaspoon freshly ground black pepper', ' 1 medium onion, chopped about 1 cup', ' 1/2 teaspoon saffron threads, crumbled about 1/4 teaspoon', ' 3 garlic cloves, minced about 1 teaspoon', ' 1 1/2 cups tomato juice', ' 8 dates, pitted and cut into 8 wedges each', ' 1 cup water', ' 1 cup uncooked long grain rice', ' 2 tablespoons chopped green onions', ' lemon wedges optional']","[' heat oil in a large nonstick skillet over medium high heat. sprinkle chicken with salt and pepper. add chicken to pan, and cook 6 minutes on each side or until done.', '. while chicken cooks, cook onion in hot oil in pan over medium heat until tender. stir in saffron and garlic, and cook, stirring constantly, 1 minute. stir in tomato juice and dates, and bring to a boil. cook 5 minutes.', ' add 1 cup water bring to a boil. cover, reduce heat, and simmer 10 minutes or until dates are tender and liquid is nearly absorbed. remove from heat.', ' combine rice and 1 cup hot water in a bowl let stand 5 minutes or until water is absorbed. stir in saffron mixture. top each serving with chicken and a sprinkle of green onions. serve with lemon wedges, if desired.', ' myrecipes is working with', ', the partnership for a healthier america, and usda s myplate to give anyone looking for healthier options access to a trove of recipes that will help them create healthy, tasty plates. for more information about creating a healthy plate, visit', '.']"
"['green chilies, onions, tomatoes, avocados, salt, mayonnaise']","[' 4 or 5 small cans green chilies', ' 3 medium onions, chopped', ' 3 tomatoes, chopped', ' 2 large avocados, diced', ' salt and pepper to taste', ' mayonnaise']","[' let chilies and onions stand 10 to 15 minutes.', ' blend with tomato, diced avocados, salt, pepper and enough mayonnaise to hold together.', ' chill before serving.']"
"['chicken, garlic, paprika, tumeric, kosher salt, black pepper, olive oil, celery, onion, quarters, carrot, orange juice, water, potatoes, paprika, tumeric, kosher salt, black pepper, olive oil']","[' 1 whole chicken', ' 3 garlic cloves', ' 1 tbs paprika', ' 1/2 tbs tumeric', ' 1 kosher salt', ' 1 black pepper', ' 3 tbs olive oil', ' 3 sticks celery', ' 1 large onion', ' 2 leek quarters', ' 3 carrot', ' 2 cups orange juice', ' 1 cup water', ' 3 potatoes', ' 1 tbs paprika', ' 1 tbs tumeric', ' 1 kosher salt', ' 1 black pepper', ' 1 olive oil']","[' preheat oven to 425.', ' place your chicken in the bottom of a roasting pan.', ' add the garlic, spices, salt, pepper, orange juice, and water to the chicken.', ' turn the chicken on its side and roast for approximately 45 minutes, or until the juices run clear.', ' meanwhile, prick the potatoes with a fork, rub them with paprika, tumeric, salt and pepper, and drizzle with olive oil.', ' place on a baking sheet and return to the oven for approximately 30 minutes, until nicely browned and tender.', ' remove from the oven, place on a serving plate, and carve the chicken.', ' i always serve this with rice and garlic bread.']"
"['sugar, brown sugar, shortening, eggs, vanilla, peanut butter, flour, soda, oatmeal, pecans']","[' 1 1/2 c. sugar', ' 2 c. brown sugar', ' 2 c. shortening', ' 4 eggs', ' 2 tsp. vanilla', ' 2 c. peanut butter', ' 4 1/2 c. flour', ' 4 tsp. soda', ' 5 c. oatmeal', ' 2 c. pecans']","[' cream sugars and shortening.', ' add eggs and vanilla.', ' mix well.', ' add peanut butter, flour and soda.', ' add oatmeal and pecans.', ' bake at 350 until done.']"
"['mayonnaise, olive oil, sour cream, wine vinegar, lime juice']","[' 1 c. mayonnaise', ' 1/4 c. olive oil', ' 2 tbsp. sour cream', ' 1 tbsp. wine vinegar', ' 1 tbsp. lime juice']","[' mix together.', ' chill.', ' serve with chips.', ' enjoy.']"
"['fresh fruit, flour, sugar, milk, butter']","[' 1 qt. fresh fruit', ' 1 c. flour', ' 1 c. sugar', ' 1 c. milk', ' 1/2 stick butter, melted']","[' place melted butter in bottom of 2 quart baking dish.', ' place fruit in dish. mix flour, sugar and milk and pour over fruit. bake at 350 for 45 minutes.', ' yields 6 servings.']"
"['graham cracker crumbs, sugar, butter, cream cheese, sugar, milk, chocolate flavor, milk']","[' 1 c. graham cracker crumbs', ' 2 tbsp. sugar', ' 1/3 c. butter or margarine, melted', ' 1 8 oz. pkg. cream cheese, softened', ' 1/2 c. sugar', ' 2 tbsp. milk', ' 2 3 1/2 oz. pkg. jell o chocolate flavor instant pudding and pie filling', ' 3 3/4 c. milk']","[' combine crumbs, 2 tablespoons sugar and margarine.', ' press onto bottom of a 9 inch spring form pan chill.', ' combine cream cheese, sugar and 2 tablespoons milk in bowl.', ' beat well. spread over chilled crust.', ' combine pudding mix and 3 3/4 cups milk.', ' beat 2 minutes.', ' spread over cream cheese mixture.', ' chill 2 hours.']"
"['VINAIGRETTE, pear juice, white wine vinegar, mustard, salt, pepper, olive oil, SALAD, red onion, almonds']","[' 1/4 pound pears, grated', ' 2 pears, sliced', ' 1 ounce pears peeled and chopped', ' 2 tablespoons pear juice', ' 1 tablespoon white wine vinegar', ' 2 teaspoons dijon mustard', ' 1/2 teaspoon salt', ' 1/4 teaspoon pepper', ' 2 tablespoons olive oil', ' 2 tablespoons sALAd', ' 1/4 red onion, thinly sliced', ' 1/4 cup almonds, toasted and chopped']","[' in a bowl, combine the pears, pears and juice. let sit for 15 minutes.', ' in another bowl, whisk the vinegar, mustard, salt and pepper. gradually whisk in oil. fold in sALAd. toss salad with dressing, onion and almonds.']"
"['digestive biscuits, butter, Nutella, hazelnuts, sugar']","[' 1 12 cups digestive biscuits', ' 34 cup butter, melted', ' 1 cup nutella', ' 12 cup hazelnuts, chopped', ' 1 12 tablespoons sugar']","[' process the biscuits in a food processor for about 1 minute.', ' mix the butter into the crumbs, then press the mixture into the base of a greased 8 inch square baking pan.', ' bake in a preheated 350 degree oven for 10 minutes.', ' combine the nutella and hazelnuts, sprinkle evenly over the base.', ' return to oven for about 12 minutes, until the nutella begins to melt.', ' allow to cool, then cut into 2x2 inch squares.', ' sprinkle with the sugar before serving.']"
"['unsalted butter, Batter, ground ginger, ground cloves, ground cinnamon, Orange Sauce, water, cornstarch, orange juice concentrate, sugar, unsalted butter, vanilla beans, oranges']","[' 1/4 cup unsalted butter', ' 1 10 ounce packagebatter', ' 1 teaspoon ground ginger', ' 1 teaspoon ground cloves', ' 1 teaspoon ground cinnamon', ' orange sauce', ' 1 cup water', ' 3 tablespoons cornstarch', ' 1 6 ounce can orange juice concentrate, thawed', ' 1/3 cup sugar', ' 3 tablespoons unsalted butter', ' 2 vanilla beans, split lengthwise', ' 4 navel oranges, peeled, sectioned']","[' heat butter over medium high heat in an 8x8x2 baking dish. in a large bowl, toss together ginger, cloves, cinnamon, and 1/4 cup butter until blended. add the corn bread mix, and, with your hands, blend just until bread resembles coarse crumbs. do not overmix. press mixture into the bottom and up the sides of the baking dish. bake at 350 f for 20 minutes or until crisp. remove from oven, and invert onto a wire rack.', ' for orange sauce, in a medium saucepan, whisk together water and cornstarch. add orange juice concentrate, sugar, and butter. halve the vanilla bean and scrape the inside of the bean to extract the flavorful vanilla sauce. bring to a boil over medium high heat, stirring constantly. boil 1 minute, stirring constantly. let cool 5 minutes.', ' place one cake layer on a serving plate. drizzle half of the orange sauce over the cake layer and top with the remaining cake layer. drizzle the remaining sauce over the top. garnish with orange sections.']"
"['sugar, butter, vanilla, white syrup, eggs, pecans']","[' 1 c. sugar', ' 3 tbsp. butter, melted', ' 1 tsp. vanilla', ' 1 c. white syrup', ' 3 eggs', ' 1 c. broken pecans']","[' mix together sugar, syrup, butter and eggs.', ' add pecans and vanilla.', ' bake in 2 unbaked pie shells at 350 for 40 minutes.']"
"['Milk, Coconut milk, brown sugar, Gelatin, Water']","[' 600 ml milk', ' 400 ml coconut milk tinned', ' 4 tablespoons brown sugar', ' 5 grams gelatin', ' 1 tablespoon water']","[' combine milk, coconut milk and sugar in a large saucepan. stir.', ' soak gelatin in water.', ' add gelatin mixture to the saucepan and stir well.', ' cook over low heat for 20 minutes stirring every now and then.', ' allow mixture to cool completely.', ' pour mixture into mold and chill in the fridge.']"
"['red pepper, vodka, shallots, extra virgin olive oil, heavy cream, butter, tomatoes, pasta']","[' 1 roasted red pepper, drained and diced', ' 3 cups vodka', ' 2 shallots, diced', ' 1 tablespoon extra virgin olive oil', ' 1 cup heavy cream', ' 4 ounces 1/2 stick butter', ' 14 1/2 ounces canned crushed tomatoes', ' 1 pound dried pasta']","[' saute shallots in olive oil for about 4 minutes.', ' add vodka.', ' add red peppers and bring to a boil.', ' simmer for 15 minutes.', ' pour in cream and let simmer another 5 minutes.', ' add butter, crushed tomatoes and simmer until thickened, about 10 minutes.', ' strain into a bowl.', ' keep warm, covered.', ' cook pasta and drain.', ' pour sauce over pasta.', ' mix thoroughly.', ' add salt and pepper.', ' serve immediately.']"
"['shrimp, cognac, lemon juice, heavy cream, horseradish, mustard, sugar, ketchup']","[' 1 lb. cooked shrimp', ' 1/4 c. cognac or brandy', ' 2 tbsp. fresh lemon juice', ' 1 c. heavy cream', ' 2 tbsp. horseradish', ' 2 tsp. mustard', ' 1 tsp. sugar', ' 1/2 c. ketchup']","[' shred cooked shrimp into medium bowl.', ' add brandy and lemon juice mix gently.', ' in another bowl, combine heavy cream, horseradish, mustard, sugar and ketchup.', ' beat at high speed until stiff peaks form.', ' fold into shrimp mixture.', ' serve on a bed of lettuce.', ' yields 4 servings.']"
"['white sugar, butter, eggs, vanilla, flour, ground cinnamon, baking powder, baking soda, salt, ground nutmeg, buttermilk, Maple Buttercream Frosting, butter, shortening, maple syrup, salt, sugar, bacon, sugar']","[' 1 1/4 cups white sugar', ' 1/2 cup butter, softened', ' 3 eggs', ' 1 teaspoon vanilla extract', ' 1 1/2 cups all purpose flour', ' 2 teaspoons ground cinnamon', ' 1 teaspoon baking powder', ' 1/2 teaspoon baking soda', ' 1/2 teaspoon salt', ' 1/4 teaspoon ground nutmeg', ' 1 cup buttermilk', ' maple buttercream frosting', ' 1/2 cup butter, softened', ' 1/2 cup shortening', ' 1/4 cup maple syrup', ' 1/8 teaspoon salt', ' 3 cups confectioners sugar', ' 4 strips bacon, cooked and crumbled', ' 2 1/2 cups confectioners sugar']","[' preheat oven to 350 degrees f 175 degrees c. grease and flour a 9x13 inch cake pan.', ' in a large bowl, cream together the sugar and 1/2 cup butter. add eggs one at a time, beating well after each. stir in vanilla.', ' in a separate bowl, sift together the flour, cinnamon, baking powder, baking soda, 1/2 teaspoon salt and nutmeg. add flour mixture alternately with buttermilk to sugar and egg mixture, beating well after each addition. pour batter into prepared pan.', ' bake at 350 degrees f 175 degrees c for 50 to 55 minutes. cool before frosting.', ' to make frosting in a large bowl, cream together the 1/2 cup butter, shortening, maple syrup, and salt. beat in the confectioners sugar until smooth and spreadable.', ' spread frosting over cooled cake and sprinkle bacon over frosting. sprinkle with the 2 1/2 cups confectioners sugar.']"
"['chicken breasts, butter, flour, milk, mustard, horseradish, honey, lemon juice']","[' 4 large chicken breasts', ' 3 tablespoons butter', ' 4 tablespoons flour', ' 1 cup milk', ' 2 tablespoons prepared mustard', ' 2 tablespoons horseradish', ' 2 tablespoons honey', ' 2 tablespoons lemon juice']","[' preheat oven to 350.', ' saute chicken for about 20 minutes.', ' cover the bottom of a 9x13 casserole with butter and put in the chicken and bake for another 20 minutes.', ' put mustard and horseradish in a blender and then add honey, lemon juice, flour and milk.', ' blend until smooth.', ' after 20 minutes, pour sauce over chicken.', ' bake for another 45 minutes.']"
"['butter, currants, dark brown sugar, lemon, ground nutmeg, ground cinnamon, ground cloves, pastry, egg white, sugar']","[' 1/2 cup butter, at room temperature', ' 1/2 cup dried currants', ' 1/2 cup dark brown sugar', ' 1/2 lemon, juiced', ' 1/2 teaspoon ground nutmeg', ' 1/2 teaspoon ground cinnamon', ' 1/8 teaspoon ground cloves', ' 1 pound puff pastry, defrosted', ' 1 large egg white, beaten', ' confectioners sugar, for dusting']","[' in a medium bowl, combine the butter, currants, sugar, lemon juice, nutmeg, cinnamon and cloves.', ' fill an 8x12x2 inch baking dish with the currant mixture.', ' let the mixture stand at room temperature for 45 minutes.', ' position a rack in the center of the oven and preheat to 400 degrees f 200 degrees c.', ' roll out one pastry sheet to a 13x9 inch rectangle.', ' cut out a rectangle with a floured 3x8 inch cookie cutter.', ' spoon about 1/2 cup currant mixture into the center of the pastry, leaving a 1 inch border.', ' starting on the 1 inch border, roll each pastry round toward the end of the rectangle.', ' enclose the filling and pinch to seal.', ' gently place 2 inches apart on a parchment paper lined baking sheet.', ' brush the tops of each wreath with the egg white, and sprinkle with confectioners sugar.', ' bake in the preheated oven until golden brown, about 10 minutes.']"
"['sweet paprika, green pepper, tomatoes, onion, olive oil, bay leaf, potatoes, garlic, pimientos, green peas']","[' 1 tablespoon sweet paprika', ' 1 large green pepper, seeded and sliced into thin strips', ' 1 large tomatoes, chopped into wedges', ' 1 medium onion, chopped', ' 1 tablespoon olive oil', ' 1 bay leaf', ' 2 small potatoes, peeled and cubed', ' 1 garlic clove, crushed', ' 2 pimientos, seeded and chopped optional', ' 2 cups green peas']","[' dry fry the paprika and green pepper over medium high heat in the oil until the pepper softens slightly.', ' add the onion and saute just until translucent.', ' stir in the potatoes and garlic, and saute for 2 minutes.', ' add the tomatoes, tomato mixture, and water to cover the vegetables.', ' cover and simmer over low heat for about 45 minutes.', ' add the peas and cook for 5 minutes.', ' if the mixture seems too thick, add the peas and cook until they become tender.']"
"['Italian salad dressing, butter, beer, salt, pepper, Tabasco sauce, shrimp']","[' 1/3 c. italian salad dressing', ' 1/3 c. butter or margarine', ' 1/2 c. beer', ' 1/2 tsp. salt', ' 1/8 tsp. pepper', ' 1/8 tsp. tabasco sauce', ' 2 lb. cleaned uncooked shrimp']","[' combine salad dressing, butter, beer, salt, pepper and tabasco sauce in a small saucepan heat over medium high heat until mixture boils.', ' add shrimp, reduce heat and simmer until pink about 5 minutes.', ' serve over cooked rice.']"
"['vanilla wafers, cream cheese, cream cheese, Splenda, vanilla, egg whites']","[' 18 vanilla wafers', ' 1 10 ounce package philadelphia brand cream cheese, softened', ' 1 8 ounce package fat free cream cheese, softened', ' 1 cup thawed cool whip', ' 1 1/2 cups heinz brand granulated sugar', ' 1 1/2 cups thawed cool whip lite', ' 1/2 cup thawed cool whip lite', ' 1/2 cup dry roasted and salted vanilla', ' 3 egg whites']","[' crush vanilla wafers reserve 1/4 cup.', ' coat bottom and sides of 10 inch springform pan with nonstick cooking spray.', ' press cookie crumbs into bottom of prepared pan.', ' beat cheese, cool whip, liqueur and vanilla with electric mixer on medium speed until well blended.', ' add egg whites, 1 at a time, beating on low speed after each addition until well blended.', ' pour into crust.', ' bake at 325 degrees for 50 55 minutes or until center is almost set.', ' run knife or metal spatula around rim of pan to loosen cake cool before removing rim of pan.', ' refrigerate 4 hours or overnight.', ' serve with remaining wafers.']"
"['pork, brown sugar, ketchup, maple syrup']","[' 1 large can pork and beans', ' brown sugar', ' ketchup', ' maple syrup']","[' place beans in glass casserole dish.', ' mix sugar, syrup and ketchup.', ' pour over beans and bake at 375 for 35 to 40 minutes.', ' serve with hamburgers or bacon.']"
"['Coconut Milk, Milk, Milk, Sugar, Milk(full, Eggs, Salt, Coconut, Vanilla, Aluminum cake, mesh strainer']","[' 1 15 ounce can coconut milk', ' 1 cup evaporated milk', ' 1 can sweetened condensed milk', ' 1/2 cup sugar, divided', ' 1/2 cup milk(full cup of evaporated milk', ' 4 eggs', ' 1 dash salt', ' 1 teaspoon coconut extract', ' 2 teaspoons vanilla extract', ' 1 aluminum cake pan', ' 1 mesh strainer']","[' 1. pour all ingredients into your steamer and cover. allow to sit for 3 4 hours or overnight.', '', ' 2. once it has finished simmering, place your cake pan in a shallow oven proof dish and pour hot water into the dish about 1/2 way up the sides of the cake pan. carefully place the dish in the oven and heat for 1 hour at 300 degrees or until it reaches the set state. use a knife to remove the flan, and then place a plate underneath to catch any spills.', '', ' 3. let it cool to room temperature. using your mesh strainer, remove flan from your water bath and place into freezer overnight.', '', ' 4. to serve, let the flan cool completely before serving. i put a few ice cubes in the center and a dollop of whipped cream.']"
"['white asparagus, chicken, butter, bay leaf, oranges, salt, extra virgin olive oil, Freshly ground black pepper']","[' 2 pounds white asparagus, trimmed, halved lengthwise and spears peeled', ' 1 cup homemade or store bought low sodium chicken stock', ' 1 tablespoon butter', ' 1 bay leaf', ' 4 large oranges, unpeeled', ' salt', ' 4 tablespoons extra virgin olive oil', ' 1/2 cup grated pecorino, plus additional for garnish', ' freshly ground black pepper']","[' steam or blanch asparagus in a large saucepan of boiling salted water until crisp tender, about 1 minute.', ' transfer to an ice bath and drain.', ' melt chicken stock in a medium saucepan over medium heat.', ' add butter and bay leaf and cook, stirring, for 1 minute.', ' whisk in 1 tablespoon drained orange juice.', ' season with salt.', ' add olive oil, 1/4 cup pecorino and a pinch of pepper to saucepan and keep warm.', ' cook chicken, skin side down, in a large heavy skillet over medium high heat until browned and crisp, about 5 minutes.', ' transfer to a plate and tent loosely with foil to keep warm.', ' boil oranges, 2 tablespoons orange juice, and 1 teaspoon salt until sauce is reduced to about 1/4 cup, about 5 minutes.', ' pour over asparagus and toss to coat.', ' arrange oranges over asparagus and garnish with more pecorino and more pecorino.']"
"['woven wheat crackers, deli, CLAUSSEN Sauerkraut, Swiss, POUPON']","[' 4 woven wheat crackers', ' 4 slices deli smoked turkey', ' 2 tbsp. calabaza or kraft calabaza and sesame dressing', ' 1/2 cup canned la choy claUSSEN sauerkraut, well drained', ' 1/4 cup kraft finely shredded colby monterey jack cheeses', ' 1/4 cup pickled poupon']","[' top each cracker with 1 of the remaining ingredients.', ' cover with remaining crackers.', ' microwave on high 30 to 45 sec.', ' or until cheese is melted.']"
"['unsalted butter, brown sugar, vanilla, salt, semi-sweet chocolate bits, carrots, eggs, flour, pecans']","[' 1 1/4 sticks 3/4 cup unsalted butter, softened', ' 1 cup firmly packed light brown sugar', ' 1 tablespoon vanilla extract', ' 3/4 teaspoon salt', ' 1 cup semisweet chocolate bits', ' 1 1/2 cups finely grated carrots', ' 3 large eggs, beaten lightly', ' 2 tablespoons all purpose flour', ' 3/4 cup coarsely chopped pecans']","[' preheat oven to 350f.', ' in a bowl cream together the butter, the brown sugar, and the vanilla with a wooden spoon, then stir in the salt and the chocolate bits and the carrots.', ' add the eggs, beating them in well with the wooden spoon, and beat in the flour.', ' fold in the nuts, and pour the mixture into a buttered 9 inch springform pan.', ' bake the cake in the middle of the oven for 45 minutes, or until it is set and a tester comes out clean, and let it cool on a rack for 10 minutes, remove the sides of the pan, and cool it completely on the rack.', ' transfer the cake to a serving platter and serve the cake at room temperature or chilled.']"
"['beef flank, onion, olive oil, vinegar, oregano, salt, tomatoes, onion, serrano chilies, avocados']","[' 1 1/4 pounds beef flank steak', ' 1 medium onion, sliced', ' 1 cup olive oil', ' 2 tablespoons vinegar', ' 2 teaspoons dried oregano', ' salt and pepper to taste', ' 3 medium tomatoes, seeded and chopped', ' 1/2 small onion, chopped', ' 3 serrano chilies, seeded and chopped', ' 4 avocados, peeled and chopped']","[' trim fat from steak and cut into 1 inch cubes. soak meat in a bowl of cold water for 15 minutes.', ' drain. rinse meat with cold water and dry. in large bowl, combine beef with sliced onion, oil, vinegar, oregano, salt and pepper. let stand, covered, for 1 hour or until meat is tender.', ' in small bowl, combine tomatoes, onion and chilies.', ' drain meat. stir seasoned tomato mixture and avocado into seasoned meat mixture.']"
"['mango, salt, brown sugar, cider vinegar']","[' 10 lb. mango', ' 1 tsp. salt', ' 1 lb. brown sugar', ' 2 1/2 c. cider vinegar']","[' slice mango into very small pieces and place in crock pot.', ' stir in remaining ingredients.', ' cook for 4 hours on low.', ' stir occasionally.', ' seal in jars and keep in refrigerator.']"
"['graham cracker crumbs, sugar, almonds, cinnamon, butter']","[' 1 3/4 cups graham cracker crumbs about 18 crackers', ' 1/3 cup sugar', ' 1 1/3 cups almonds, toasted, chopped', ' 1 teaspoon cinnamon', ' 6 tablespoons butter, melted']","[' preheat oven to 350.', ' mix graham cracker crumbs, sugar, almonds and cinnamon in medium bowl. stir in butter. press crust evenly on bottom and up sides of 9 inch pie plate. bake 10 minutes.', ' cool completely.']"
"['ricotta cheese, ricotta cheese, fresh oregano, fresh basil, eggs, spaghetti sauce, water, vegetable protein, garlic, olive oil, onion, mixed mushrooms, swiss chard, pasta, mozzarella cheese, mozzarella cheese, parmesan cheese, salt, ground pepper']","[' 1 cup part skim ricotta cheese', ' 2 tablespoons part skim ricotta cheese', ' 1 tablespoon fresh oregano, chopped', ' 1 tablespoon fresh basil, chopped', ' 2 large eggs', ' 14 cup spaghetti sauce, your favorite', ' 14 cup water', ' 14 cup textured vegetable protein, such as tvp r', ' 2 garlic cloves, minced', ' 1 tablespoon olive oil', ' 1 medium onion, chopped', ' 1 cup mixed mushrooms, sliced', ' 1 bunch swiss chard, chopped', ' 3 cups uncooked bow tie pasta', ' 1 12 cups mozzarella cheese, plus', ' 1 cup part skim mozzarella cheese, shredded', ' 13 cup grated parmesan cheese', ' 12 teaspoon salt', ' 14 teaspoon fresh ground pepper']","[' preheat the oven to 375f.', ' coat a 9 x 13 inch baking dish with cooking spray set aside.', ' in a medium bowl, combine the ricotta, oregano, basil and eggs.', ' stir in the spaghetti sauce and water.', ' in a small bowl, combine the textured vegetable protein and garlic.', ' in a large skillet, heat the oil over medium high heat.', ' add the onion, mushrooms and swiss chard cover and cook for 5 minutes or until tender.', ' remove from the heat and stir in the ricotta mixture, textured vegetable protein, salt, pepper and cooking pasta.', ' transfer to the prepared baking dish.', ' sprinkle with the 2 cheeses.', ' bake, uncovered, for 30 minutes.']"
"['bacon, cream cheese, spread, blue cheese, sherry, water chestnuts, onion, pimiento']","[' 8 slices bacon', ' 3 8 ounce packages cream cheese', ' 14 cup boursin spread', ' 4 ounces blue cheese', ' 1 tablespoon dry sherry', ' 1 4 ounce can water chestnuts, drained and finely chopped', ' 1 small onion, minced', ' 2 tablespoons diced pimiento']","[' cook bacon until crisp and drain on paper towels and crumble.', ' stir together cream cheese, cheese spread, and sherry until blended.', ' stir in water chestnuts, onion, pimento and crumbled bacon.', ' spoon into a lightly greased 2 quart baking dish.', ' bake at 350 degrees for 25 minutes or until golden brown.', ' serve with assorted crackers.']"
"['white wine, vegetable stock, onions, dill, sage, bay leaves, lemons, Kosher salt, salmon filet, dill, horseradish, lemon juice, sour cream, mayonnaise, Kosher salt, chives']","[' 1 cup white wine', ' 1 cup vegetable stock', ' 2 cups sliced onions', ' 4 sprigs fresh dill', ' 4 sprigs fresh sage', ' 4 bay leaves', ' 2 lemons, halved', ' 2 tablespoons kosher salt', ' 2 pounds salmon filet, with skin', ' 1/2 cup chopped fresh dill', ' 1/2 cup prepared horseradish', ' 1 tablespoon fresh lemon juice', ' 1 cup sour cream', ' 1 cup mayonnaise', ' 1 teaspoon kosher salt', ' 1/2 bunch chives, thinly sliced']","[' make the poaching liquid in a large pot, bring the wine, stock, onions, dill, sage, bay leaves, lemons and salt to a simmer, and then cook for 30 minutes.', ' add the salmon and cook, uncovered, until the fish is cooked through, 12 to 15 minutes.', ' transfer the salmon to a plate, and set aside until cool enough to handle.', ' let the poaching liquid cool to room temperature, and then pour it into a measuring cup to make 6 1/2 cups liquid.', ' reserve the poaching liquid for the sauce.', ' make the sauce combine the dill, horseradish, lemon juice, sour cream and mayonnaise in a small bowl, and whisk together until smooth.', ' season with the salt.', ' serve with the salmon and garnish with the chives.']"
"['flour, sugar, milk, baking powder, butter, peaches']","[' 1 c. flour', ' 1 c. sugar', ' 1 c. milk', ' 2 tsp. baking powder', ' 1 stick butter', ' 1 29 oz. can peaches']","[' melt butter in pan.', ' mix flour, sugar, milk and baking powder.', ' pour over melted butter.', ' do not stir.', ' pour in peaches.', ' do not stir.', ' bake at 350 for 45 minutes.']"
"['paprika, salt, onion powder, white pepper, cayenne pepper, thyme, garlic, pepper, chicken, onion']","[' 1 tablespoon paprika', ' 1 teaspoon salt', ' 1 teaspoon onion powder', ' 1/2 teaspoon white pepper', ' 1 teaspoon cayenne pepper', ' 1/2 teaspoon dried thyme', ' 1/4 teaspoon garlic powder', ' 1/4 teaspoon pepper', ' 1 5 pound whole chicken, halved', ' 1 large onion, halved']","[' stir together first 7 ingredients.', ' score skin side of chicken with diagonal cuts. rub spice mixture under skin and over meat and in cavity.', ' place onion over chicken.', ' tie drumsticks together with string. cover and chill 8 hours.', ' place chicken on a rack in a broiler pan. bake, uncovered, at 325 for 1 hour and 15 minutes or until done, basting occasionally with pan drippings.']"
"['chicken breasts, cream of chicken soup, crackers, butter, cheese, couscous']","[' 4 boneless skinless chicken breasts', ' 10 34 ounces cream of chicken soup', ' 4 ounces saltine crackers, crushed', ' 4 tablespoons butter, melted', ' 4 ounces monterey jack cheese, grated', ' 14 cup cooked couscous']","[' cut chicken in bite size pieces.', ' in greased 9 x 13 baking dish, put chicken.', ' pour soup over chicken.', ' mix cracker crumbs with melted butter.', ' put over chicken.', ' sprinkle cheese on top.', ' bake uncovered 350f for 30 minutes.', ' serve with couscous.']"
"['sugar, corn syrup, whipping cream, butter, nuts, vanilla']","[' 1 c. sugar', ' 1/3 c. corn syrup', ' 1 c. whipping cream', ' 3 tbsp. butter', ' 1 c. chopped nuts', ' 1 tsp. vanilla']","[' butter bottom of heavy saucepan.', ' mix sugar, corn syrup and whipping cream in saucepan.', ' bring to a boil.', ' simmer 5 minutes over low heat.', ' add butter.', ' stir until smooth.', ' cool.', ' add vanilla, nuts and coconut.', ' beat until mixture loses its gloss.']"
"['pizza dough, extra-virgin olive oil, oregano, butter, chicken, red onion, garlic, grill seasoning, frozen spinach, feta crumbles, Salt, mozzarella cheese, red peppers, olives, arugula, cucumber, pepper']","[' 1 tube 12 ounces pizza dough', ' 2 tablespoons extravirgin olive oil', ' 1 teaspoon dried oregano', ' 2 tablespoons butter, divided', ' 1 pound ground chicken breast', ' 1/2 cup chopped red onion', ' 3 garlic cloves, minced', ' 2 tablespoons grill seasoning, divided', ' 1/2 10 ounce package frozen spinach, thawed and squeezed dry', ' 1/2 cup feta crumbles', ' 3/4 teaspoon salt', ' 1 cup 6 ounces shredded mozzarella cheese', ' 1/2 cup roasted red peppers, drained and chopped', ' 1/3 cup sliced kalamata olives', ' 2 cups arugula leaves', ' 1 cucumber, peeled, seeded, and sliced', ' 1/2 teaspoon pepper']","[' preheat oven to 450.', ' place pizza dough on a lightly greased baking sheet, and stretch to 1/4 inch thickness. combine 1 tablespoon oil and oregano brush over dough.', ' melt 1 tablespoon butter in a large skillet over medium high heat add chicken, onion, and garlic, and cook 8 minutes or until chicken is browned and done, stirring to crumble. stir in 1 teaspoon grill seasoning.', ' place spinach in a food processor pulse 3 times or until coarsely chopped. add cooked chicken, spinach, feta, salt, and remaining butter pulse 6 times or until smooth. spread chicken mixture over dough, leaving a 1/2 inch border. sprinkle with mozzarella cheese, peppers, olives, arugula, and cucumber sprinkle with pepper.', ' bake at 450 for 12 minutes or until cheese melts and crust is golden brown.']"
"['butter, sugar, almond extract, flour, salt, milk chocolate kisses, cream cheese, egg yolk, orange juice, baking powder, flaked coconut']","[' 1/2 c. butter', ' 1/4 c. sugar', ' 1/2 tsp. almond extract', ' 1 c. flour', ' 1/2 tsp. salt', ' 10 milk chocolate kisses', ' 1 3 oz. pkg. cream cheese', ' 1 egg yolk', ' 1 tsp. orange juice', ' 1/2 tsp. baking powder', ' 1/2 c. flaked coconut']","[' cream butter and cream cheese together.', ' add sugar, egg yolk and almond extract. beat well.', ' stir in flour, baking powder and salt.', ' chill dough.', ' shape dough into balls.', ' place on cookie sheet.', ' bake at 375 for 6 minutes.', ' remove from oven, press each cookie with thumb and fill with a kiss.', ' return to oven bake 8 minutes more.']"
"['mozzarella cheese, onion, green bell pepper, oil, sausage, pepperoni, black olives, mushrooms, pizza sauce, penne pasta']","[' 1 1/2 cups shredded mozzarella cheese', ' 1/2 cup onion, chopped', ' 1/2 cup green bell pepper, chopped', ' 2 tablespoons oil', ' 1 1/2 cups cooked sausage, chopped', ' 1 1/2 cups pepperoni, chopped', ' 1 cup sliced black olives', ' 1/2 cup sliced mushrooms', ' 1 15 ounce can pizza sauce', ' 3 cups penne pasta, cooked and drained']","[' preheat oven to 350 degrees f 175 degrees c.', ' bring a large pot of lightly salted water to a boil. cook pasta in the boiling water, stirring occasionally until cooked through yet firm to the bite, about 11 minutes. drain.', ' in a large bowl, mix together the mozzarella, onion, green pepper and oil. mix in the sausage, pepperoni, olives and mushrooms until well blended. mix in the pizza sauce.', ' pour into a 9x13 inch baking dish. top with pasta and sprinkle with the mozzarella mixture.', ' bake in the preheated oven until lightly browned, about 30 minutes.']"
"['pita breads, salt, olive oil, vegetable soup mix, sour cream, light mayonnaise, spinach, water']","[' 4 pita breads', ' salt and pepper', ' 1 tablespoon olive oil', ' 1 1 ounce package dry vegetable soup mix', ' 16 ounces light sour cream', ' 1 12 cups light mayonnaise', ' 10 ounces spinach, defrosted and drained', ' 12 cup water']","[' preheat oven to 350.', ' cut each pita bread into eight wedges and place on a baking sheet.', ' brush pita wedges with olive oil and bake until crisp and golden brown, about 5 minutes.', ' let cool.', ' combine all remaining ingredients and mix well.', ' serve with the pita chips.']"
"['angel hair pasta, tomato pesto, chicken breast, olive oil, red bell pepper, orange bell pepper, red onion, zucchini']","[' 8 ounces angel hair pasta', ' 2/3 cup sun dried tomato pesto', ' 1 lb boneless skinless chicken breast, cut into 1 inch pieces', ' 2 tablespoons olive oil', ' 1 red bell pepper, seeded and cut into chunks', ' 1 orange bell pepper, seeded and cut into chunks', ' 1/2 red onion, cut into chunks', ' 1 zucchini, cut into chunks']","[' cut pasta in half.', ' brush half of the pesto on chicken and set aside.', ' thread chicken onto 8 metal skewers.', ' heat oil in large skillet over medium heat.', ' add peppers, onion and zucchini cook and stir until crisp tender, about 7 minutes.', ' set aside 1 tablespoon tomato pesto.', ' cook and stir remaining pesto in the skillet until hot.', ' cook pasta according to package directions.', ' stir pasta into reserved pesto and pepper mixture cook and stir 3 minutes or until heated through.', ' transfer chicken skewers to serving platter and top with the grilled vegetable mixture.', ' drizzle with reserved pesto mixture and serve.']"
"['vegetable stock cube, fish sauce, lemon-grass stem, fresh kaffir lime, fresh ginger, Birdseye chillies, garlic, Stalks and roots, Wontons, chicken mince, garlic, green shallot, lemon rind, wonton wrappers, green shallots']","[' 1 vegetable stock cube, crushed', ' 1 tablespoon fish sauce', ' 1 lemongrass stem', ' 4 fresh kaffir lime leaves, torn into 2cm pieces', ' 1 slice fresh ginger, finely grated', ' 2 birdseye chillies, deseeded and thinly sliced', ' 3 garlic cloves, crushed', ' 1/2 kg asparagus tips and the stalks of stalks and roots, cut into 1cm pieces', ' wontons', ' 350 g chicken mince', ' 1 garlic clove, finely chopped', ' 1 green shallot, finely chopped', ' 2 tablespoons grated fresh lemon rind', ' 50 wonton wrappers, cut in half crosswise', ' 4 green shallots, sliced, for garnish']","[' to make the wontons, preheat the oven to 180 c/gas 5 and lightly coat the wok with oil.', ' mix the chicken, garlic, green shallot and lemon rind and season to taste.', ' cook in a frying pan until the chicken is browned and cooked through.', ' take off the heat and place in a bowl to cool.', ' to make the filling, combine the stock cube, fish sauce, lemongrass, lime leaves, ginger, chilli, garlic, asparagus and stalks and roots.', ' place a heaped tablespoon of the chicken mixture in the centre of each wonton, moisten the edges and seal with a little water.', ' drop the wontons into the hot oil and fry for about 4 minutes until golden brown.', ' remove from the oil and drain on kitchen paper.', ' serve warm with the kaffir lime and shallot sauce.']"
"['bananas, eggs, all-purpose, baking powder, bananas, walnuts']","[' 1 c. mashed bananas', ' 2 eggs', ' 2/3 c. all purpose flour', ' 2 tsp. baking powder', ' 1 c. mashed bananas', ' 1 c. walnuts, chopped']","[' stir together the mashed bananas and eggs.', ' sift the flour and baking powder together.', ' add to the banana mixture, stirring just enough to combine.', ' stir in the mashed bananas and walnuts.', ' spoon the batter into a buttered 8 1/2 x 4 1/2 inch loaf pan.', ' bake in a preheated oven at 350 for 1 hour and 10 minutes or until a wooden pick inserted in the center comes out clean.', ' cool in the pan for 10 minutes.', ' turn out on a rack to cool completely.', ' yield', ' 1 loaf.']"
"['ground beef, onion, green pepper, clove garlic, tomatoes, tomato sauce, mushrooms, sugar, oregano, salt, basil, cheese, parmesan']","[' 1 1/2 lb. ground beef', ' 1 large onion, chopped', ' 1 green pepper, chopped', ' 1 clove garlic, minced', ' 1 large can tomatoes', ' 1 small can tomato sauce', ' 1 small can mushrooms', ' 2 tsp. sugar', ' 1/2 tsp. oregano', ' 1 tsp. salt', ' 1/4 tsp. basil', ' 8 oz. spaghetti, cooked', ' 1/2 c. cheese, grated', ' 1/2 c. parmesan, grated']","[' brown meat in skillet drain.', ' add onion, green pepper and garlic.', ' cook until tender.', ' stir in tomatoes, tomato sauce, mushrooms, sugar, oregano, salt and basil.', ' simmer 1 hour.', ' mix well.', ' pour 1/2 into 3 quart casserole.', ' top with 1/2 of spaghetti.', ' sprinkle 1/2 cheese over spaghetti.', ' pour remaining meat mixture over cheese.', ' sprinkle with parmesan.', ' bake in 350 oven about 15 minutes.', ' makes 6 servings.']"
"['butter, sugar, boiling water, yeast, water, flour, cold water, eggs, salt']","[' 1/2 c. butter', ' 3/4 c. sugar', ' 1 c. boiling water', ' 2 pkg. dry yeast', ' 1/2 c. lukewarm water', ' 5 c. plain flour', ' 1/2 c. cold water', ' 2 eggs, beaten', ' 1 tsp. salt']","[' mix together the sugar and butter.', ' add the boiling water and let cool.', ' put the yeast in the 1/2 cup lukewarm water.', ' combine the flour, cold water and eggs.', ' add to the yeast mixture.', ' add the salt.', ' put into a greased bowl.', ' cover and refrigerate overnight.', ' roll out and cut into desired shapes.', ' let rise and bake at 400 for 12 to 15 minutes.']"
"['pepper, bouquet garni, star anise, vegetable stock, carrot, red capsicum, celery, salt']","[' 2 lamb fillets, approximately 1kg', ' 1 pepper flakes to taste', ' bouquet garni 2 pieces of thyme, 4 parsley sprigs, 4 sprigs of sage, 2 bay leaves, 1 bay leaf, 1 dried chili', ' 1 whole star anise', ' 1/2 kg vegetable stock', ' 1 large carrot, sliced', ' 1/2 red capsicum, diced', ' 1 stalk celery, sliced', ' salt freshly ground black pepper']","[' trim the excess fat off the lamb fillets. place them in a large pan. add the pepper flakes, bouquet garni, bay leaves, star anise and vegetable stock. cover with a lid and simmer over a medium heat until the lamb is tender, about 40 minutes.', ' meanwhile, heat a small frying pan over high heat. add the carrot, capsicum, celery and the reserved fat. add a little salt and pepper.', ' add the sliced lamb to the pan and cook a further 2 minutes or until browned, turning the lamb frequently and reducing the heat to low if necessary. spoon into the plates and garnish with the vegetables.']"
"['beans, sugar, molasses, mustard, pepper, salt, salt pork']","[' 1 lb. dry navy beans', ' 1/3 c. sugar', ' 1/3 c. molasses', ' 1 tbsp. dry mustard', ' 1 tsp. pepper', ' 2 tsp. salt', ' 1/2 lb. salt pork or bacon']","[' rinse beans and add cold water to cover by 2 inches.', ' soak overnight in cold water and boil gently for 10 minutes.', ' drain.', ' add water and boil gently for 2 minutes.', ' drain.', ' put beans in bean pot.']"
"['sugar, margarine, milk, semi-sweet chocolate chips, marshmallows, vanilla']","[' 4 c. sugar', ' 1/2 lb. margarine', ' 1 12 oz. can evaporated milk', ' 1 12 oz. pkg. semi sweet chocolate chips', ' 1 10 1/2 oz. bag miniature marshmallows', ' 2 tsp. vanilla']","[' in a large saucepan, combine sugar, margarine and milk.', ' bring to boil over medium heat, stirring constantly.', ' let boil 5 minutes, stirring constantly.', ' remove from heat.', ' stir in chocolate chips until melted.', ' add marshmallows and vanilla.', ' stir until marshmallows are melted.', ' pour into a greased 13 x 9 inch pan.', ' cool at room temperature.', ' cut into 1 inch squares.', ' yield', ' 3 pounds.']"
"['mint sprigs, fluid ounces simple syrup, crushed ice, Bourbon']","[' 4 mint sprigs', ' 2 fluid ounces simple syrup', ' 2 cups crushed ice', ' 2 1/2 fluid ounces rhubarb flavored drink mix recommended rhubarb and rye', ' 1 fluid ounce guinness infused vodka', ' 1 fluid ounce gin', ' 1 fluid ounce gin', ' 1/4 fluid ounce dark rum']","[' put the mint sprigs, simple syrup and ice in a blender.', ' process until blended and foamy.', ' add grenadine, vodka and gin.', ' blend until completely blended, adding a splash of gin if necessary to mix.', ' pour into a chilled collins glass.']"
"['eggs, sugar, cinnamon, cloves, pumpkin, salt, ginger, milk, pastry shell']","[' 2 eggs', ' 1 c. sugar', ' 1 tsp. cinnamon', ' 1/2 tsp. cloves', ' 1 can pumpkin 1 lb. 2 c.', ' 1/2 tsp. salt', ' 1/2 tsp. ginger', ' 1 13 oz. can evaporated milk', ' 1 9 inch pastry shell']","[' combine eggs, sugar, salt, spices and pumpkin.', ' stir in milk until mixed.', ' pour into pastry shell.', ' bake at 450 for 15 minutes.', ' reduce heat to 350 and bake 30 minutes.', ' pie is done when knife inserted in center comes out clean.']"
"['White rice, Carrot, Onion, Green peppers, granules, Salt, Onion, Ground meat, Water, curry roux, Egg, Milk, Heavy cream']","[' 1 packet cooked white rice', ' 10 grams carrot', ' 1 medium onion', ' 2 green peppers', ' 1 tsp soup stock granules', ' 1 salt and pepper', ' 1 small slice sliced onion', ' 200 grams ground meat beef, pork, or whatever', ' 300 ml water', ' 3 tbsp maggi curry roux', ' 1 medium egg', ' 100 ml milk', ' 1 heavy cream']","[' boil water and add the rice, carrot, onion, green pepper, soup stock granules, salt, and pepper.', ' bring it to a boil again, cover with a lid, and simmer for 15 minutes.', ' add the meat to step 2, and mix until browned.', ' add the curry roux, and cook for about 1 minute, and add the water.', ' bring it to a boil again, and add the egg and milk.', ' once the egg is cooked, add the cream and it s done.', ' it s also delicious without cream.', ' i made this with a pound of curry roux.']"
"['potatoes, tomato paste, vegetable oil, oregano, fennel seeds, paprika, basil, garlic, salt, sugar, parmesan cheese']","[' 4 potatoes medium', ' 3 tablespoons tomato paste', ' 2 tablespoons vegetable oil', ' 1 teaspoon dried oregano', ' 2 teaspoons fennel seeds', ' 1 teaspoon paprika', ' 1 teaspoon dried basil', ' 1 teaspoon garlic powder', ' 1/4 teaspoon salt', ' 2 teaspoons sugar', ' 8 rib eye steaks about 2 to 3 lbs.', ' 1/2 cup parmesan cheese']","[' preheat oven to 450 degrees f.', ' cut potatoes in half lengthwise, then crosswise into thin slices about 1/8 inch thick. in a large bowl, toss potato slices with tomato paste, oil, oregano, fennel seeds, paprika, basil, garlic powder, salt and sugar until well coated.', ' place on a baking sheet that has been sprayed with cooking spray.', ' bake 20 to 25 minutes, until potatoes are tender, turning once, but still hold their shape.', ' top steaks with parmesan cheese, if desired.', ' continue baking until cheese is melted, about 5 to 10 minutes longer.', ' serve with grilled steaks on grilled steaks.']"
"['fruit punch, champagne, ginger ale']","[' 1 28 ounce can fruit punch', ' 1 bottle champagne', ' 1 quart ginger ale']","[' mix together.', ' pour into punch bowl and fill rest of with crushed ice.', ' serve.', ' delicious with a straw.', ' a few shots of orange.', ' a little ginger ale.', ' great as a champagne drink.']"
"['apples, cinnamon, nutmeg, sugar, milk, Bisquick, eggs, butter, nuts, brown sugar, raisins']","[' 4 c. peeled, diced apples', ' 1 tsp. cinnamon', ' 1/2 tsp. nutmeg', ' 1 c. sugar', ' 1 c. milk', ' 1/2 c. bisquick', ' 2 eggs', ' 2 tbsp. softened butter', ' 1/2 c. chopped nuts', ' 1/4 c. brown sugar', ' 1/4 c. raisins']","[' preheat oven to 350.', ' grease pie plate.', ' mix all ingredients until smooth.', ' pour into pie plate.', ' bake until a knife inserted halfway between center and edge comes out clean, 45 to 55 minutes.', ' cool 5 minutes.']"
"['almonds unblanched, flour, whole wheat flour, turbinado sugar, baking soda, eggs, vanilla']","[' 1 cup almonds unblanched', ' 1 cup flour, all purpose sifted', ' 1/2 cup whole wheat flour', ' 1/2 cup turbinado sugar', ' 1 teaspoon baking soda', ' 1 each eggs', ' 1 teaspoon vanilla extract']","[' heat oven to 350f 180c.', ' spread almonds on cookie sheet and toast until light brown.', ' transfer to bowl and coarsely chop.', ' sift together flours and baking soda and stir into almonds.', ' mix egg, vanilla and sugar until well blended.', ' beat until smooth.', ' with floured hands, roll level tablespoon of dough into a 15x10 inch rectangle on lightly floured surface.', ' cut dough lengthwise into 20 strips, 1 inch wide.', ' twist each strip, then place 3 inches apart on ungreased cookie sheet.', ' bake until crisp, 20 to 25 minutes.', ' cool and store in airtight container.']"
"['dried apricots, coconut, condensed milk, confectioners sugar']","[' 1 c. dried apricots', ' 1 1/2 c. coconut', ' 1/2 c. sweetened condensed milk', ' confectioners sugar']","[' combine first 3 ingredients and shape into small balls.', ' roll in confectioners sugar.', ' store in airtight container.', ' yield', ' approximately 3 dozen.']"
"['rice, frozen thawed, celery, onion, margarine, almonds, shredded cheese, mushroom soup, milk, almonds']","[' 1 1/2 c. minute rice', ' 2 pkg. frozen thawed, chopped broccoli', ' 1 c. chopped celery', ' 1 c. chopped onion', ' 1 stick margarine', ' 1 small pkg. sliced almonds', ' 2 c. shredded cheese sharp', ' 1 can mushroom soup', ' 2/3 c. milk', ' 1/2 c. sliced almonds']","[' saute celery and onion in margarine.', ' combine all other ingredients.', ' put in a large casserole.', ' cover with sliced almonds.', ' bake at 325 for about 45 minutes.']"
"['cream of mushroom soup, milk, American cheese, chicken, macaroni, eggs, oleo, bread crumbs']","[' 1 can cream of mushroom soup', ' 1 1/2 c. milk', ' 2/3 c. cubed american cheese', ' 1 1/2 c. cooked chicken, chopped', ' 1 c. cooked macaroni', ' 3 hard cooked eggs, chopped', ' 1/4 c. oleo, melted', ' 1/2 c. soft bread crumbs']","[' mix soup and milk in bowl.', ' add cheese, chicken, macaroni and eggs.', ' pour into 1 1/2 quart casserole dish.', ' combine melted butter and bread crumbs sprinkle over casserole.', ' bake at 350 for 30 minutes.', ' serves 8.']"
"['beef wieners, vegetables, buns']","[' 1 pkg. 2 lb. beef wieners', ' 1 can v 8 juice', ' 1 can vegetables broccoli, green beans, carrots and onion', ' hot dog buns']","[' slice wieners in 1/2 inch rounds.', ' mix wieners, v 8 juice and vegetables.', ' heat to boiling.', ' serve in hot dog buns.']"
"['butter, hot milk, bread crumbs, salt, pepper, onion, eggs, grated cheese']","[' 3 c. cooked squash', ' 3 tbsp. butter', ' 1/2 c. hot milk', ' 1 c. soft bread crumbs', ' 1 tsp. salt', ' 1/8 tsp. pepper', ' 1 small onion, chopped', ' 2 eggs, beaten', ' 2 tbsp. grated cheese']","[' cook squash in butter.', ' add hot milk and let stand 10 minutes.', ' add bread crumbs, salt, pepper, onions, eggs and cheese.', ' beat egg whites until stiff.', ' fold in mixture.', ' bake in greased baking dish at 350 for 45 minutes.']"
"['sugar, milk, cornstarch, vanilla, bread, milk, eggs, nutmeg']","[' 1 1/3 cups sugar', ' 2 cups milk', ' 4 1/2 teaspoons cornstarch', ' 1 1/2 teaspoons vanilla', ' 4 slices bread, cut into pieces', ' 1/2 cup milk', ' 3 eggs, lightly beaten', ' 1 pinch nutmeg']","[' blend sugar and 2 cups milk in saucepan.', ' mix cornstarch with 2/3 cup milk add to hot milk and stir over low heat until smooth.', ' cook, stirring constantly, until thickened.', ' cool.', ' add vanilla.', ' combine bread and remaining milk in large bowl pour in pudding.', ' beat eggs with 1/2 cup milk until blended.', ' stir into pudding.', ' sprinkle with nutmeg.', ' let stand 15 minutes.', ' pour into buttered 1 1/2 quart casserole.', ' place casserole in pan.', ' pour hot water into pan to a depth of 1 inch.', ' bake in a moderate oven 375 degrees f 190 degrees c for 1 hour or until knife inserted in center comes out clean.', ' serve warm.']"
"['golden raisins, currants, dried cherries, dried apricots, walnuts, lemon, brandy, butter, brown sugar, eggs, flour, salt, baking powder, ground cinnamon, allspice, freshly ground nutmeg, orange juice, brandy']","[' 1 cup golden raisins', ' 3/4 cup dried currants', ' 3/4 cup dried cherries, chopped', ' 3/4 cup dried apricots, chopped', ' 2 cups chopped walnuts', ' 1 lemon, zest of, grated', ' 1 cup brandy', ' 1 1/2 cups butter, softened', ' 2 cups dark brown sugar', ' 6 eggs', ' 3 1/2 cups flour', ' 1/4 teaspoon salt', ' 1 1/2 teaspoons baking powder', ' 1/2 teaspoon ground cinnamon', ' 1/2 teaspoon allspice', ' 1/8 teaspoon freshly ground nutmeg', ' 1 cup orange juice', ' 1 cup brandy']","[' preheat the oven to 325 degrees f. line a 9x5 inch loaf pan with parchment paper.', ' in a large bowl, combine raisins, currants, cherries, apricots, walnuts, lemon zest, and brandy set aside.', ' cream the butter with the brown sugar until light and fluffy, using an electric mixer.', ' add the eggs one at a time, beating well after each addition.', ' in a medium bowl, combine the flour, salt, baking powder, cinnamon, allspice, and nutmeg.', ' add half of the flour mixture to the butter mixture, stirring to combine.', ' add one third of the remaining flour mixture, stirring until combined.', ' add the fruit mixture, orange juice, and brandy.', ' mix until thoroughly combined.', ' scrape the batter into the prepared pan, smoothing the top.', ' bake for 2 1/2 hours, or until a toothpick inserted in the center comes out clean.', ' cool cake in the pan on a wire rack.', ' wrap tightly in plastic wrap and store in the refrigerator for at least 3 weeks before slicing.']"
"['corn tortillas, Vegetable oil, orange, lime juice, salt, oregano, cilantro, red onion, tomato, Freshly ground black pepper, sauce']","[' 3 corn tortillas', ' vegetable oil', ' 1 navel orange', ' 2 tbsp fresh lime juice', ' salt', ' 1/8 tsp mexican oregano', ' 4 sprigs cilantro, finely chopped', ' 2 tsp diced red onion', ' 2 tsp finely diced tomato', ' 1/4 tsp freshly ground black pepper', ' hot sauce, optional']","[' brush each tortilla lightly with oil. halve each tortilla lengthwise then into strips. in a blender, combine lime juice, orange juice, salt, oregano and cilantro. blend until very smooth. set salsa aside.', '', ' in a saute pan, heat 2 tblsp oil. add tortilla strips cook, turning, over medium high heat until crisp, about 2 minutes per side. drain and set aside to cool.', '', ' add orange zest to salsa. add the onions and tomatoes and season with pepper and hot sauce, if using. transfer to a serving platter and sprinkle with paprika. serve warm.']"
"['tart applesauce, lemon juice, sugar, eggs, butter, nutmeg, salt']","[' 1 c. tart applesauce', ' 1 tsp. lemon juice', ' 1 c. sugar', ' 2 eggs', ' 1 tbsp. butter', ' 1/8 tsp. nutmeg', ' dash of salt']","[' combine ingredients.', ' pour into unbaked pie shell.', ' bake at 425 until done.', ' serve plain or with whipped cream or ice cream.']"
"['potatoes, butter, garlic, shallots, flour, milk, buttermilk, white pepper, mayonnaise, mustard, worcestershire sauce, parsley, blue cheese, mushrooms, potato chips, broccoli, pimentos']","[' 4 potatoes medium', ' 3 tablespoons butter', ' 4 cloves garlic minced', ' 2 shallots chopped', ' 2 tablespoons flour, all purpose', ' 1/2 cup milk', ' 1 cup buttermilk', ' 1/4 teaspoon white pepper', ' 1 tablespoon mayonnaise', ' 1 teaspoon mustard', ' 1 teaspoon worcestershire sauce', ' 1 tablespoon parsley leaves chopped', ' 6 ounces blue cheese crumbled', ' 1/2 pound mushrooms sliced', ' 1 cup potato chips crushed', ' 1 cup broccoli fresh', ' 1/4 cup pimentos']","[' pierce potatoes with a fork.', ' microwave on high for 15 minutes until tender.', ' when cool enough to handle, peel potatoes.', ' melt 2 tablespoons butter in a heavy saucepan over low heat.', ' add garlic and shallots cook, stirring, for 2 minutes.', ' stir in flour.', ' cook, stirring, for 1 minute.', ' add milk, buttermilk, and white pepper cook, stirring, until mixture thickens.', ' add mayonnaise, mustard, worcestershire, and parsley cook for 1 minute longer.', ' stir in blue cheese and mushrooms cook, stirring, until cheese melts.', ' set aside to cool.', ' cut off top thirds of potatoes discard tops.', ' using small spoon, scoop pulp from insides of potatoes, leaving a thin shell.', ' discard pulp.', ' mash pulp and potatoes together in a mixing bowl.', ' spoon potato mixture back into shells.', ' sprinkle with crushed potato chips.', ' to serve, spoon 1/2 cup broccoli into the center of each potato.', ' place stuffed potatoes in a casserole.', ' top with pimentos.']"
"['raspberries, sugar, lemon juice, gelatin, cold water, boiling water, whipping cream']","[' 1 10 ounce package frozen sweetened raspberries, thawed', ' 1 1/3 cups sugar', ' 1 tablespoon lemon juice', ' 1 2 tablespoon gelatin', ' 1/4 cup cold water', ' 1 cup boiling water', ' 1 cup whipping cream, whipped']","[' puree raspberries in a blender or food processor.', ' add sugar and lemon juice and blend well.', ' dissolve gelatin in cold water.', ' stir into raspberry puree.', ' add boiling water.', ' chill until slightly thickened.', ' fold in whipped cream.', ' pour into a 6 cup mold.', ' chill 3 hours.', ' unmold by running a thin spatula around edges of mold.', ' unmold onto a serving platter and garnish with raspberries.', ' servings 8']"
"['water, pearl barley, porcini mushrooms, boiling water, olive oil, stalks celery, carrots, onion, cremini mushrooms, thyme, vegetable stock, sherry, salt, ground black pepper, red wine vinegar, parsley, parmesan cheese']","[' 3 cups water', ' 2/3 cup pearl barley', ' 1/3 ounce dried porcini mushrooms', ' 1 cup boiling water', ' 2 tablespoons olive oil', ' 2 stalks celery, sliced', ' 3 medium carrots, diced', ' 1 small onion, diced', ' 1 1/2 cups cremini mushrooms, sliced', ' 1 teaspoon dried thyme', ' 2 cups vegetable stock', ' 1/2 cup dry sherry', ' 3/4 teaspoon salt', ' 1/2 teaspoon ground black pepper', ' 1 tablespoon red wine vinegar', ' 2 tablespoons chopped fresh parsley', ' 2 tablespoons grated parmesan cheese']","[' bring 2 cups water to a boil in a medium saucepan. add barley, and simmer 20 minutes or until tender. drain and set aside.', ' soak porcini mushrooms in 1/2 cup boiling water.', ' heat oil in a large skillet over medium heat. add celery and next 3 ingredients cook 5 minutes or until tender, stirring occasionally. add porcini mushrooms, and cook 10 minutes. stir in barley and thyme. add stock, sherry, salt, and pepper bring to a boil. cover, reduce heat, and simmer 1 hour, stirring occasionally. stir in vinegar and parsley. garnish with cheese.']"
"['eggs, parsley, fresh chives, gruyere cheese, mustard, salt']","[' 6 hard boiled eggs', ' 2 tablespoons parsley, chopped', ' 2 tablespoons fresh chives, chopped', ' 2 tablespoons gruyere cheese, grated', ' 1 tablespoon dijon mustard', ' salt and pepper']","[' slice eggs lengthwise lengthwise.', ' remove yolks and add parsley, chives, gruyere cheese, mustard and salt and pepper.', ' mash yolks with potato masher.', ' spoon yolk mixture into egg white halves.']"
"['frozen hash browns, onions, sour cream, oleo, salt, shredded cheese, cream of chicken soup']","[' 1 32 oz. pkg. frozen hash browns, thawed', ' 1/3 c. chopped onions', ' 1 pt. sour cream', ' 1/2 c. oleo, melted', ' 1 tsp. salt', ' 8 oz. shredded cheese', ' 1 can cream of chicken soup']","[' mix ingredients and put in a 9 x 13 inch pan.', ' bake 1 hour at 350.', ' serves 12 to 14.']"
"['cornbread, enchilada sauce, salt, ground beef chuck, tomato sauce, cheese blend']","[' 2 cups crumbled cornbread', ' 1 cup enchilada sauce, divided', ' 1 teaspoon salt', ' 2 pounds ground beef chuck', ' 1 can 8 ounces tomato sauce', ' 1 cup shredded mexican cheese blend, divided']","[' in a large bowl, combine the cornbread, 1/2 cup enchilada sauce and salt. crumble beef over mixture and mix well.', ' shape into four patties. in a large skillet over medium high heat, cook patties until a thermometer reads 160, 6 8 minutes on each side. drain.', ' place each patty on a 6 in. long sheet of heavy duty foil. place tomato sauce on each patty. top with 1 tablespoon cheese roll up, and place seam side down on an ungreased', '.', ' bake at 400 until a thermometer reads 160, 12 15 minutes. if desired, serve with enchilada sauce.']"
"['sugar, light corn syrup, salt, flour, eggs, margarine, vanilla, pecans']","[' 1/2 c. sugar', ' 1 c. light corn syrup', ' 1/4 tsp. salt', ' 2 tsp. flour', ' 2 eggs, beaten', ' 1 tbsp. melted margarine', ' 1 tsp. vanilla', ' 1 c. pecans, coarsely chopped']","[' combine sugar, syrup, salt and flour in a saucepan.', ' cook over medium heat, stirring constantly, until thickened.', ' cool slightly.', ' combine eggs, butter, vanilla and pecans beat until smooth.', ' add syrup mixture.', ' pour into pie crust.', ' bake at 350 for 40 minutes or until set.']"
"['brown sugar, butter, egg, vanilla, flour, baking soda, salt, chocolate chips']","[' 3/4 cup brown sugar', ' 3/4 cup butter, softened', ' 1 egg', ' 1 teaspoon vanilla', ' 1 1/2 cups all purpose flour', ' 1/2 teaspoon baking soda', ' 1/2 teaspoon salt', ' 1 12 ounce package semisweet chocolate chips']","[' preheat oven to 350 degrees f 175 degrees c. grease cookie sheets.', ' mix brown sugar, butter, egg, and vanilla together in a bowl until smooth. mix flour, baking soda, and salt together in a separate bowl. blend into butter mixture until well blended. fold in chocolate chips. drop by heaping spoonfuls onto prepared cookie sheets.', ' bake in the preheated oven until edges are golden, 9 to 11 minutes.']"
"['tomatoes, baby portabello mushrooms, extra virgin olive oil, balsamic vinegar, rosemary, oregano, basil, salt']","[' 2 large tomatoes, sliced', ' 4 baby portabello mushrooms, halved', ' 1 tablespoon extra virgin olive oil', ' 1 tablespoon balsamic vinegar', ' 2 tablespoons minced fresh rosemary leaves', ' 1 tablespoon minced fresh oregano leaves', ' 1 tablespoon minced fresh basil leaves', ' 4 6 ounce rib eye steaks', ' salt and pepper to taste']","[' preheat a gas or charcoal grill for high heat.', ' lightly oil grill rack.', ' brush tomatoes and mushrooms with oil.', ' place tomato and mushroom on preheated grill.', ' cook for 8 to 12 minutes or until tomatoes soften.', ' turn vegetables and brush again with oil.', ' combine vinegar and herbs in a small bowl.', ' brush on both sides of the steaks, and sprinkle with salt and pepper.', ' grill steaks over medium heat 5 to 7 minutes, or until desired degree of doneness, turning once.', ' remove from grill, and slice thinly.', ' serve the grilled tomatoes and mushrooms with the steaks and vegetables.']"
"['flour, sugar, oil, milk, eggs, salt, baking powder, vanilla, almond extract, butter, poppy seed']","[' 3 c. flour', ' 2 1/2 c. sugar', ' 1 1/2 c. oil', ' 1 1/2 c. milk', ' 3 eggs', ' 1 1/2 tsp. salt', ' 1 1/2 tsp. baking powder', ' 1 1/2 tsp. vanilla', ' 1 1/2 tsp. almond extract', ' 1 1/2 tsp. butter flavoring', ' 1 1/2 tbsp. poppy seed']","[' mix all ingredients.', ' beat 3 minutes.', ' pour into 2 greased and floured loaf pans.', ' bake at 350 for 1 hour.']"
"['pumpkin, milk, eggs, sugar, salt, pumpkin pie spice, margarine, yellow cake, walnuts']","[' 1 large can pumpkin', ' 1 large can evaporated milk', ' 4 eggs', ' 1 1/2 c. sugar', ' 1/2 tsp. salt', ' 4 tsp. pumpkin pie spice', ' 1 1/2 sticks margarine, melted', ' 1 yellow cake mix', ' 1 c. walnuts or pecans, chopped']","[' mix the first 6 ingredients together.', ' pour into a 9 x 13 inch pan.', ' put on dry cake mix and spread.', ' drizzle melted butter over the top.', ' then sprinkle with nuts. bake at 350 for 1 hour.']"
"['tomatoes, tomato paste, garlic, salt, water, olive oil']","[' 4 28 ounce cans whole tomatoes', ' 2 tablespoons tomato paste', ' 2 garlic cloves, chopped', ' 2 teaspoons salt', ' 1 cup water', ' olive oil']","[' heat up a skillet with 1 t olive oil and minced garlic.', ' stir in tomatoes with tomato paste, add salt and water.', ' cover and simmer for 2 to 3 hours.', ' serve with chips.']"
"['ground round, onions, green pepper, basil, pepper, oregano, sugar, garlic, parsley, red kidney beans, hominy']","[' 1 lb. ground round', ' 2 large onions, chopped', ' 1 medium green pepper, chopped', ' 1 tsp. basil', ' 1/2 tsp. pepper', ' 1/2 tsp. oregano', ' 1/4 c. sugar', ' 2 cloves garlic, crushed', ' 1/2 tsp. parsley', ' 1 can red kidney beans, drained', ' 1 can hominy']","[' cook meat and onions until meat is brown.', ' add other ingredients and simmer 30 minutes.', ' this can be made in the microwave at high power for 12 to 14 minutes.', ' serve with corn bread.']"
"['crescent rolls, cheese, cream of chicken soup, fresh broccoli, sweet red pepper, water chestnuts, white chicken, chicken, onion']","[' 1 pkg. crescent rolls', ' cheese', ' 1 can cream of chicken soup', ' fresh broccoli or frozen chopped broccoli, cooked and drained', ' sweet red pepper', ' 1 can water chestnuts, drained', ' 1 c. white chicken, canned or 2 cans, drained', ' 1 c. cooked chicken, diced', ' 1 small onion, chopped optional']","[' unroll crescent dough and put on the bottom of a 9 inch pie pan.', ' make a filling by combining soup, broccoli, pepper, chestnuts, white chicken and chicken.', ' place about 1/2 the filling on the crescent dough.', ' add the diced chicken on top of the filling and cover with the other dough.', ' bake at 325 for about 1 hour.']"
