"Ingredients","Generated Recipe"
"[""Flour"", ""Salt"", ""Baking Powder"", ""Sugar"", ""Crisco"", ""egg"", ""vinegar"", ""Water""]","Flour Salt Biscuits

Ingredients:

2 cups All-Purpose Flour
1 teaspoon Salt
1 teaspoon Baking Powder
3 tablespoons Sugar
3 tablespoons Crisco
1 Egg
2 tablespoons Vinegar 
1/2 cup Water

Instructions:

1. Preheat oven to 375 degrees F.

2. In a large bowl, whisk together flour, salt and baking powder.

3. Cut in the Crisco until mixture is crumbly.

4. In a small bowl, beat together egg, vinegar and water. Add this mixture to the flour mixture and mix until just combined.

5. Turn out dough onto a lightly floured surface and knead briefly. Roll out dough to 1/2 inch thickness.

6. Cut into desired shape using a biscuit cutter or a round glass rim.

7. Place biscuits on an ungreased baking sheet and bake for 12-15 minutes, or until golden brown.

8. Serve warm. Enjoy!"
"[""thin pretzels"", ""margarine""]","Thin Pretzel Margarine Bites

Ingredients: 
- 1 bag thin pretzels
- ½ cup melted margarine
- 2 tablespoons Worcestershire sauce
- 1 teaspoon garlic powder
- 1 teaspoon onion powder
- ½ teaspoon paprika
- ¼ teaspoon cayenne pepper

Instructions: 
1. Preheat oven to 350°F.

2. Spread the pretzels out on a large, rimmed baking sheet.

3. In a small bowl, mix together melted margarine, Worcestershire sauce, garlic powder, onion powder, paprika, and cayenne pepper until combined.

4. Drizzle the margarine mixture over the pretzels, making sure to cover all of them.

5. Bake for 10 minutes, or until the pretzels are crisp and golden brown.

6. Let cool before serving. Enjoy!"
"[""sugar"", ""orange juice"", ""lemon juice""]","Orange Juice & Lemonade Spritzer
Ingredients:
- 2 cups orange juice
- 1 cup lemon juice
- 1 cup sugar
- 6 cups soda water

Instructions:
1. In a large pitcher combine orange juice, lemon juice, and sugar. Stir until sugar is dissolved.
2. Add the soda water to the pitcher and stir gently to combine.
3. Serve over ice in glasses and enjoy!"
"[""sour cream"", ""mayo"", ""parsley flakes"", ""onion"", ""Worcestershire sauce"", ""Accent"", ""season salt"", ""dill weed""]","Sour Cream and Onion Parsley Flake Sauce

Ingredients: 
- 1/2 cup sour cream
- 2 tablespoons mayonnaise
- 2 tablespoons parsley flakes
- 1 teaspoon diced onion
- 1 tablespoon Worcestershire sauce
- 1 teaspoon Accent seasoning
- 1/4 teaspoon season salt
- 1/8 teaspoon dill weed

Instructions: 
1. In a medium bowl, combine sour cream, mayonnaise, parsley flakes, diced onion, Worcestershire sauce, Accent seasoning, season salt, and dill weed. 
2. Stir until all ingredients are well combined. 
3. Serve with your favorite dish or as a dip for vegetables. Enjoy!"
"[""sugar"", ""water"", ""active dry yeast"", ""milk"", ""water"", ""salt"", ""sugar"", ""baking powder"", ""raisins"", ""egg yolks"", ""egg whites"", ""flour"", ""oil""]","Sweet Raisin Yeast Roll Recipe 

Ingredients:

- 2/3 cup warm water
- 1/4 cup active dry yeast
- 1 cup milk
- 2 tablespoons sugar
- 2 teaspoons salt
- 3 tablespoons melted butter
- 4 eggs, separated 
- 4 cups all-purpose flour 
- 3 tablespoons baking powder
- 1/2 cup raisins 
- 1/4 cup vegetable oil 

Instructions:

1. In a medium bowl, stir together the warm water, yeast, and sugar until dissolved. Set aside for 5 minutes.

2. In a large bowl, combine the milk, sugar, salt, melted butter, egg yolks, and 1 cup of the flour. Beat with an electric mixer or wooden spoon until smooth.

3. Add the yeast mixture to the large bowl and mix well. Add the remaining 3 cups of flour and baking powder and knead with your hands until combined.

4. Place the dough in a lightly greased bowl, cover with a damp cloth and place in a warm place for about 1 hour or until doubled in size.

5. Preheat oven to 350°F. Grease a large baking sheet.

6. Punch down the dough and turn it out onto a lightly floured surface. Knead in the raisins and form into a log. Cut into 12 equal pieces and shape each piece into a small round roll. Place on the prepared baking sheet.

7. Combine the egg whites and oil in a small bowl and brush over the rolls.

8. Bake in preheated oven for 25 to 30 minutes, or until golden brown."
"[""sweet roll"", ""cinnamon"", ""nuts"", ""milk"", ""butter"", ""brown sugar"", ""vanilla pudding""]","Cinnamon Sweet Roll Bread Pudding
Ingredients:
- 2 large cinnamon sweet rolls, cut into chunks
- 1 cup chopped nuts (your favorite variety)
- 2 cups milk
- 2 tablespoons butter, melted
- 1/4 cup brown sugar
- 1 teaspoon vanilla pudding mix

Instructions:
1. Preheat oven to 350 degrees F. Grease an 8x8 inch baking dish.
2. In a medium bowl, combine the cinnamon roll chunks, nuts, and melted butter.
3. Pour the mixture into the prepared baking dish and spread it evenly.
4. In a separate bowl, combine the milk, brown sugar, and vanilla pudding mix.
5. Pour the milk mixture over the cinnamon roll mixture.
6. Bake for 25 to 30 minutes, or until golden brown.
7. Let cool before serving. Enjoy!"
"[""chicken"", ""carrots"", ""garlic"", ""green bell pepper"", ""brown rice"", ""chili powder"", ""tomato sauce"", ""garlic"", ""pepper"", ""water"", ""cider vinegar"", ""onion"", ""olive oil"", ""bay leaf""]","Chicken Carrot Stir Fry

Ingredients:

- 2 skinless, boneless chicken breasts, diced
- 2 carrots, peeled and sliced
- 1 garlic clove, minced
- 1 green bell pepper, diced
- 1/4 cup brown rice
- 1 teaspoon chili powder
- 1/4 cup tomato sauce
- 1 teaspoon garlic powder
- 1 teaspoon black pepper
- 1/2 cup water
- 1 tablespoon cider vinegar
- 1 onion, diced
- 2 tablespoons olive oil
- 1 bay leaf

Instructions:

1. Heat the olive oil in a large skillet over medium heat.

2. Add the diced chicken, onion, carrots, and garlic. Cook for 5 minutes, stirring occasionally.

3. Add the green bell pepper, chili powder, garlic powder, black pepper, and tomato sauce. Stir to combine.

4. Add the brown rice, water, cider vinegar, and bay leaf. Simmer for 10 minutes or until the liquid is absorbed and the rice is cooked through.

5. Serve warm with your favorite sides. Enjoy!"
"[""sweet potatoes"", ""green bell pepper"", ""onion"", ""lemon pepper"", ""mayonnaise"", ""pepper""]","Sweet Potato and Green Bell Pepper Salad
Ingredients:
- 2 large sweet potatoes, peeled and diced
- 1 green bell pepper, seeded and diced
- 1 onion, diced
- 1 lemon pepper (or to taste)
- 2 tbsp mayonnaise
- Salt and pepper to taste

Instructions:
1. Preheat oven to 400°F.
2. Place sweet potatoes on a baking sheet and bake in preheated oven for 20-25 minutes, until they are fork tender.
3. In a large bowl, combine the cooked sweet potatoes, bell pepper, onion, lemon pepper and mayonnaise. Mix well.
4. Season with salt and pepper to taste.
5. Serve chilled or at room temperature. Enjoy!"
"[""sugar"", ""flour"", ""baking soda"", ""salt"", ""orange"", ""shortening""]","Orange Shortening Sugar Cookies

Ingredients:

- 2 cups all-purpose flour
- 1/2 teaspoon baking soda
- 1/4 teaspoon salt
- 1 cup shortening
- 1 cup sugar
- 1 large egg
- 2 tablespoons orange zest

Instructions:

1. Preheat oven to 350 degrees Fahrenheit.

2. In a medium bowl, combine the flour, baking soda, and salt; set aside.

3. In a separate large bowl, cream together the shortening and sugar until light and fluffy.

4. Add the egg and orange zest to the shortening mixture and beat until combined.

5. Gradually add the flour mixture to the wet ingredients until fully incorporated.

6. Roll the dough into 1-inch balls and place them on an ungreased cookie sheet.

7. Bake for 10-12 minutes or until the edges are lightly golden.

8. Allow the cookies to cool before serving. Enjoy!"
"[""vegetable shortening"", ""eggs"", ""milk"", ""vanilla"", ""margarine"", ""sugar"", ""flour""]","Vanilla Shortening Cake
Ingredients: 
- ¼ cup shortening
- 2 eggs 
- ¾ cup milk 
- ½ teaspoon vanilla 
- 1/3 cup margarine 
- ¾ cup sugar 
- 2 cups all-purpose flour 

Instructions: 
1. Preheat oven to 350 degrees F. Grease and flour a 9-inch round cake pan. 
2. In a large bowl, cream together the shortening and sugar until light and fluffy. Beat in the eggs one at a time, then stir in the vanilla. 
3. In a separate bowl, combine the flour and margarine. Alternate adding the milk and flour mixture to the creamed mixture, beating well after each addition. 
4. Pour batter into prepared pan. Bake for 25 minutes, or until a toothpick inserted into the center comes out clean. 
5. Allow cake to cool in pan for 10 minutes, then turn out onto a wire rack and cool completely before serving."
"[""ground sausage"", ""noodles"", ""rosemary"", ""basil"", ""cayenne pepper"", ""sage"", ""oregano"", ""bell pepper"", ""onion"", ""watch"", ""mozzarella cheese""]","Sausage and Noodle Casserole
Ingredients: 
- 1/2 pound ground sausage
- 8 ounces dry egg noodles
- 2 cups chicken broth
- 2 cloves garlic, minced
- 1 teaspoon rosemary
- 2 tablespoons fresh basil, chopped
- 1/2 teaspoon cayenne pepper
- 1 teaspoon sage
- 1 teaspoon oregano
- 1/2 teaspoon bell pepper
- 1/2 cup diced onion
- 1/4 cup grated parmesan cheese
- 1/4 cup grated mozzarella cheese

Directions:

1. Preheat oven to 350 degrees F (175 degrees C).
2. In a large skillet, cook sausage over medium heat until evenly browned; drain.
3. In a medium bowl, combine cooked sausage, egg noodles, garlic, rosemary, basil, cayenne pepper, sage, oregano, bell pepper and onion.
4. Spread mixture into a lightly greased 9x13 inch baking dish.
5. Pour chicken broth over the top of the casserole and sprinkle with Parmesan and mozzarella cheese.
6. Bake in preheated oven for 30 minutes. Serve hot."
"[""mushrooms"", ""butter"", ""basil"", ""salt"", ""whipping cream"", ""Parmesan cheese"", ""tomatoes""]","Mushroom Parmesan Butter Basil Sauce
Ingredients: 
- 2 tablespoons butter
- 1/4 cup freshly grated Parmesan cheese
- 2 cloves garlic, minced
- 1/2 teaspoon dried basil
- 1/2 teaspoon salt
- 2 cups sliced mushrooms
- 1 tablespoon whipping cream
- 2 large tomatoes, diced
Instructions:
1. Heat butter in a large saucepan over medium heat.
2. Once the butter has melted, add Parmesan cheese and garlic and sauté for 1 minute.
3. Add the basil, salt, mushrooms, and whipping cream and stir to combine.
4. Allow the mixture to cook for about 5 minutes, stirring occasionally.
5. Add the diced tomatoes and continue to cook for an additional 5 minutes.
6. Serve hot over your favorite pasta or top with some fresh basil leaves. Enjoy!"
"[""wieners"", ""bottles""]","Grilled Weiner Sandwich with Bottles
Ingredients
- 2 wiener sausages
- 2 hamburger buns 
- 2 tablespoons of butter 
- 1 teaspoon of mustard 
- 2 bottles of beer 

Instructions
1. Preheat a grill to medium-high heat.

2. Place the wiener sausages on the preheated grill and cook for 10 minutes, turning every few minutes.

3. Toast the hamburger buns on the preheated grill.

4. Spread the butter onto the toasted buns.

5. Spread the mustard onto the toasted buns.

6. Place the cooked sausages onto the buns.

7. Serve each sandwich with a bottle of beer. Enjoy!"
"[""green pepper"", ""onion"", ""garlic"", ""oil"", ""tomatoes"", ""kidney beans"", ""pinto beans"", ""whole kernel corn"", ""water"", ""long grain rice"", ""chili powder"", ""ground cumin""]","Green Pepper and Onion Chili

Ingredients:

- 1 tablespoon oil
- 2 green peppers, diced
- 1 onion, diced
- 4 cloves garlic, minced
- 2 tomatoes, chopped
- 2 cups kidney beans, cooked
- 2 cups pinto beans, cooked
- ½ cup whole kernel corn
- 2 cups water
- 1 cup long grain rice
- 2 teaspoons chili powder
- 1 teaspoon ground cumin

Instructions:

1. Heat the oil in a large pot over medium heat.

2. Add the green pepper and onion and cook for 5 minutes, stirring occasionally.

3. Add the garlic and tomatoes and cook for an additional 3 minutes.

4. Add the beans, corn, and water and bring to a boil.

5. Reduce the heat to low and stir in the rice. Cover and simmer for 20 minutes.

6. Stir in the chili powder and cumin and cook for an additional 5 minutes.

7. Serve hot. Enjoy!"
"[""chocolate cake mix"", ""containers"", ""Kahlua liqueur""]","Chocolate Cake Mix Kahlua Liquer Containers

Ingredients:

- 1 box of store bought chocolate cake mix
- 3/4 cup vegetable oil
- 3 large eggs
- 1/2 cup Kahlua liqueur
- 2 containers of frosting (your favorite flavor)

Instructions:

1. Preheat the oven to 350°F and grease a 9-inch cake pan.

2. In a large bowl, combine the cake mix, oil, eggs, and Kahlua liqueur. Beat until well combined.

3. Pour the batter into the prepared pan and bake for 25 minutes or until a toothpick inserted in the center comes out clean.

4. Let the cake cool completely before frosting.

5. Spread one container of frosting on the top of the cooled cake. Reserve the other container for decoration.

6. Cut into slices and serve! Enjoy!"
"[""corn"", ""salt"", ""sunflower oil"", ""tarragon"", ""shrimp"", ""pickled jalapeno"", ""red onion"", ""short cucumber"", ""creme fraiche"", ""lemon"", ""scallions"", ""mint"", ""cilantro""]","Shrimp and Corn Salad with Sunflower Oil Vinaigrette

Ingredients:

- 2 cups fresh corn kernels
- 1 teaspoon salt
- 2 tablespoons sunflower oil
- 2 tablespoons tarragon, chopped
- 1/4 cup shrimp, peeled and deveined
- 2 tablespoons pickled jalapeno, chopped
- 1 red onion, sliced
- 1/2 short cucumber, diced
- 2 tablespoons crème fraiche
- Juice of 1 lemon
- 1/4 cup scallions, thinly sliced
- 1 tablespoon mint, chopped
- 1 tablespoon cilantro, chopped

Instructions:

1. In a medium bowl, toss together the corn kernels, salt, sunflower oil, tarragon, shrimp, pickled jalapeno, red onion, cucumber, crème fraiche, lemon juice, scallions, mint, and cilantro.

2. Place the salad in the refrigerator for at least 30 minutes to let the flavors combine.

3. Serve chilled. Enjoy!"
"[""steak"", ""onions"", ""tomatoes"", ""clove garlic"", ""green bell peppers"", ""soy sauce"", ""sugar""]","Steak and Onion Stir Fry

Ingredients:
- 2 tablespoons vegetable oil
- 1 pound sirloin steak, cut into thin strips
- 2 large onions, sliced
- 2 tomatoes, diced
- 3 cloves garlic, minced
- 2 green bell peppers, sliced
- 2 tablespoons soy sauce
- 2 teaspoons sugar

Instructions:
1. Heat the oil in a large skillet over medium-high heat.
2. Add the steak strips and stir fry until lightly browned, about 5 minutes.
3. Add the onions and stir fry for another 2 minutes.
4. Add the tomatoes, garlic, and bell peppers and stir fry for another 2 minutes.
5. Add the soy sauce and sugar and stir fry for another 2 minutes.
6. Serve hot."
"[""heavy"", ""honey"", ""graham cracker"", ""honeydew melon"", ""cantaloupe"", ""strawberries"", ""currant jelly""]","Honey Graham Cracker Icebox Cake

Ingredients:

* 2 cups heavy honey 
* 2 packages of graham crackers
* 1/2 cup honeydew melon, diced
* 1 cantaloupe, diced
* 1 cup of strawberries, sliced
* 1/2 cup currant jelly

Instructions: 

1. In a medium bowl, mix the heavy honey and currant jelly until smooth.

2. Layer half of the graham crackers in the bottom of an 8x8 inch pan.

3. Spread half of the honey mixture on top of the graham crackers.

4. Arrange the cantaloupe and honeydew melon over the honey mixture.

5. Top with the remaining graham crackers and spread the remaining honey mixture on top.

6. Place the strawberries slices over the top.

7. Cover the pan with plastic wrap and refrigerate overnight.

8. Serve chilled. Enjoy!"
"[""white flour"", ""whole wheat pastry flour"", ""baking powder"", ""salt"", ""brown sugar"", ""fresh chives"", ""fresh parsley"", ""thyme"", ""cheddar cheese"", ""egg"", ""milk""]","Cheesy Chive and Parsley Tart

Ingredients:
- 2 cups white flour 
- 2 cups whole wheat pastry flour 
- 1 teaspoon baking powder 
- 1/2 teaspoon salt 
- 2 tablespoons brown sugar 
- 2 tablespoons chopped fresh chives 
- 2 tablespoons chopped fresh parsley 
- 1 teaspoon dried thyme 
- 1/2 cup shredded cheddar cheese 
- 1 egg 
- 1/2 cup milk 

Instructions:

1. Preheat oven to 375 degrees F.

2. In a large bowl, whisk together the white flour, whole wheat pastry flour, baking powder, salt and brown sugar. 

3. Add the chopped chives, parsley and thyme and stir to combine. 

4. Add the cheddar cheese and stir until combined. 

5. In a small bowl, whisk together the egg and milk. 

6. Slowly add the wet ingredients to the dry ingredients and mix until just combined.

7. Turn the dough out onto a lightly floured surface and knead for 2-3 minutes. 

8. Roll the dough out into a circle and place it on a parchment-lined baking sheet. 

9. Bake for 25-30 minutes, or until golden brown. 

10. Let cool before serving. Enjoy!"
"[""bread slices"", ""dill pickle"", ""Swiss"", ""mein noodles""]","Sliced Bread & Swiss Dill Pickle Noodle Salad
Ingredients:
-4 slices white or wheat bread, cut into ½-inch cubes
-2 tablespoons olive oil
-1 cup diced Swiss cheese
-1/2 cup diced dill pickles
-1/2 cup cooked egg noodles
-2 tablespoons dill pickle juice
-Salt and pepper to taste

Instructions:
1. Preheat oven to 350°F (175°C).
2. Place the cubed bread on a baking sheet and drizzle with olive oil. Bake for 10–15 minutes, or until golden brown.
3. In a large bowl, combine the Swiss cheese, dill pickles, egg noodles, and dill pickle juice. Season with salt and pepper, to taste.
4. Once the bread has finished baking, add it to the bowl and stir until all of the ingredients are evenly distributed.
5. Serve the salad immediately, or chill in the refrigerator for up to 2 days. Enjoy!"
"[""bibb lettuce"", ""chives"", ""bacon"", ""franks"", ""vinegar"", ""garlic"", ""sugar"", ""salt"", ""pepper"", ""dry mustard""]","Cheesy Bacon Franks: 
Ingredients: 
- 8 ounces shredded lettuce 
- 4 ounces shredded cheddar cheese 
- ¼ cup cooked bacon, diced 
- 2 frankfurters, sliced 
- 1 teaspoon white vinegar 
- 2 cloves garlic, minced 
- ½ teaspoon sugar 
- ½ teaspoon salt 
- ¼ teaspoon pepper 
- ¼ teaspoon dry mustard 

Instructions:

1. Preheat oven to 350°F.

2. In a large bowl, combine lettuce, cheese, bacon and frankfurters.

3. In a small bowl, whisk together the vinegar, garlic, sugar, salt, pepper and dry mustard until combined.

4. Pour mixture over the lettuce mixture and mix until everything is evenly coated.

5. Pour mixture into a 9”x13” baking dish and spread out evenly.

6. Bake for 25 minutes or until cheese is melted and dish is bubbling.

7. Let cool slightly before serving. Enjoy!"
"[""ground beef"", ""onion"", ""olive oil"", ""pinto beans"", ""garbanzo beans"", ""black beans"", ""red beans"", ""tomatoes"", ""corn"", ""taco seasoning"", ""ranch seasoning"", ""cheddar cheese""]","Taco Beef Skillet: 
Ingredients: 
- 1 lb Ground Beef 
- ½ Onion, diced 
- 2 tablespoons Olive Oil 
- 1 can Pinto Beans, drained and rinsed 
- 1 can Garbanzo Beans, drained and rinsed 
- 1 can Black Beans, drained and rinsed 
- 1 can Red Beans, drained and rinsed 
- 1 can Tomatoes, diced 
- ½ cup Corn 
- 2 tablespoons Taco Seasoning 
- 2 tablespoons Ranch Seasoning 
- 1 cup Cheddar Cheese, shredded 

Instructions: 
1. In a large skillet heat olive oil over medium heat. 
2. Add onions and cook until they become soft, about 3 minutes. 
3. Add ground beef and cook until there is no pink left, about 5 minutes. 
4. Add in all the beans, tomatoes, corn and seasonings. Mix together and simmer for 10 minutes. 
5. Turn off heat and stir in cheese. Serve hot and enjoy!"
"[""beans"", ""hamburger"", ""taco seasoning mix"", ""taco sauce"", ""sour cream"", ""Cheddar cheese"", ""Mozzarella cheese""]","Bean & Cheese Tacos
Ingredients: 
-1 cup cooked beans 
-2 hamburger patties
-1 packet taco seasoning mix 
-1/4 cup taco sauce 
-1/3 cup sour cream 
-1/2 cup Cheddar cheese, shredded 
-1/4 cup Mozarella cheese, shredded 
Instructions: 
1. Preheat oven to 350 degrees F (175 degrees C). 

2. Place beans and hamburger patties in a 9x13 inch baking dish. Sprinkle with taco seasoning mix and drizzle with taco sauce. 

3. Bake in preheated oven for 25 minutes. 

4. Spread sour cream over the top of the cooked hamburger patties and beans, then top with both cheeses. 

5. Return to oven and bake until cheese is melted and bubbly, about 10 minutes. 

6. Serve warm with your favorite toppings and sides. Enjoy!"
"[""vegetable oil"", ""skinless"", ""salt"", ""freshly ground black pepper"", ""onion"", ""saffron threads"", ""garlic"", ""tomato juice"", ""dates"", ""water"", ""long-grain rice"", ""green onions"", ""Lemon wedges""]","Vegetable Oil-Skinless Chicken Saffron Rice:

Ingredients: 
- 2 tablespoons vegetable oil 
- 8 pieces skinless chicken thighs 
- 1/2 teaspoon salt 
- 1/2 teaspoon freshly ground black pepper 
- 1/4 cup chopped onion 
- 1/2 teaspoon saffron threads 
- 3 cloves garlic, minced 
- 1/2 cup tomato juice 
- 4 pitted dates, chopped 
- 1/2 cup water 
- 1 cup long-grain rice 
- 2 tablespoons green onions, sliced 
- 2 lemon wedges

Instructions:
1. Heat the vegetable oil in a large skillet over medium-high heat.
2. Season chicken with salt and pepper, add to the skillet and cook until lightly browned, about 5 minutes per side.
3. Add onion, saffron threads and garlic, cooking for an additional 3 minutes.
4. Stir in tomato juice, dates and water.
5. Add rice, stirring to combine.
6. Reduce heat to low and cover, simmering for 20 minutes.
7. Once cooked, fluff with a fork and stir in green onions.
8. Serve with lemon wedges."
"[""green chilies"", ""onions"", ""tomatoes"", ""avocados"", ""salt"", ""mayonnaise""]","Green Chili, Onion and Tomato Salsa with Avocado

Ingredients:

- 2 large green chilies, minced
- 1 red onion, finely diced
- 1 large tomato, diced
- 1 large ripe avocado, peeled and diced
- 1/2 teaspoon salt
- 2 tablespoons mayonnaise

Instructions:

1. In a medium bowl, combine minced green chilies, diced onion, and diced tomato.

2. Add the diced avocado and mix gently.

3. Season with salt and stir in mayonnaise until evenly combined.

4. Serve salsa with chips or as a topping for tacos, burritos, or other Mexican dishes. Enjoy!"
"[""chicken"", ""garlic"", ""paprika"", ""tumeric"", ""kosher salt"", ""black pepper"", ""olive oil"", ""celery"", ""onion"", ""quarters"", ""carrot"", ""orange juice"", ""water"", ""potatoes"", ""paprika"", ""tumeric"", ""kosher salt"", ""black pepper"", ""olive oil""]","Garlic-Paprika Chicken with Roasted Potatoes

Ingredients:

- 2 chicken breasts
- 3 cloves garlic, minced
- 2 tablespoons paprika
- 1 teaspoon turmeric
- 1 teaspoon kosher salt
- 1/2 teaspoon black pepper
- 2 tablespoons olive oil
- 1/2 cup celery, finely diced
- 1/2 cup onion, finely diced
- 4 quarter carrots, cut into bite-sized pieces
- 1/4 cup orange juice
- 1/2 cup water
- 1 pound potatoes, cut into cubes
- 1 tablespoon paprika
- 1/2 teaspoon turmeric
- 1/2 teaspoon koshersalt
- 1/4 teaspoon black pepper
- 2 tablespoon olive oil

Directions:

1. Preheat oven to 375 degrees Fahrenheit.

2. In a medium bowl, combine the garlic, paprika, turmeric, salt and pepper. Rub onto both sides of the chicken breasts and set aside.

3. Heat olive oil in a large skillet over medium-high heat. Add the celery and onion and cook until softened, about 5 minutes. Add the carrots and cook for another 2 minutes.

4. Add the orange juice, water, and potatoes to the skillet and bring to a boil. Reduce heat to medium-low and simmer until potatoes are tender, about 10 minutes.

5. Grease a 9x13 inch baking dish. Spread the potato mixture into the dish. Place the chicken on top of the potatoes.

6. In a small bowl, combine the paprika, turmeric, salt, pepper, and olive oil. Mix together and brush over the chicken.

7. Bake for 25 minutes, or until chicken is cooked through and the potatoes are crispy. Serve warm. Enjoy!"
"[""sugar"", ""brown sugar"", ""shortening"", ""eggs"", ""vanilla"", ""peanut butter"", ""flour"", ""soda"", ""oatmeal"", ""pecans""]","Peanut Butter Pecan Shortbread Cookies 
Ingredients: 
- ½ cup (1 stick) of butter, softened 
- ¼ cup brown sugar 
- ¼ cup white sugar 
- 2 eggs
- 1 teaspoon vanilla extract 
- 1 cup all-purpose flour 
- 1 cup oatmeal
- ½ teaspoon baking soda 
- ¼ teaspoon salt 
- ½ cup chopped pecans
- ½ cup smooth peanut butter

Instructions: 
1. Preheat oven to 350°F and line a baking sheet with parchment paper.
2. In a medium bowl, beat the butter and both sugars together until creamy.
3. Beat in eggs, one at a time, followed by the vanilla extract.
4. In a separate bowl, whisk together the flour, oatmeal, baking soda, and salt.
5. Gradually add the dry ingredients to the wet ingredients and beat until just combined.
6. Stir in the pecans and the peanut butter.
7. Using a cookie scoop, drop dough onto the prepared baking sheet.
8. Bake for 12-15 minutes, or until edges are golden brown.
9. Allow to cool before serving."
"[""mayonnaise"", ""olive oil"", ""sour cream"", ""wine vinegar"", ""lime juice""]","Lime Cream Dressing
Ingredients: 
• 1/4 cup mayonnaise
• 2 tablespoons olive oil
• 2 tablespoons sour cream
• 2 tablespoons wine vinegar
• 1 tablespoon lime juice

Instructions:
1. In a bowl, whisk together the mayonnaise, olive oil, sour cream, and wine vinegar until combined. 
2. Add in the lime juice and whisk until all the ingredients are fully incorporated.
3. Serve over your favorite salad or as a dip for vegetables. Enjoy!"
"[""fresh fruit"", ""flour"", ""sugar"", ""milk"", ""butter""]","Fresh Fruit and Flour Cake Recipe

Ingredients:

- 2 cups of fresh fruit (any variety)
- 1 cup of all-purpose flour
- 1/2 cup of sugar
- 1/2 cup of butter, melted
- 1/2 cup of milk

Instructions:

1. Preheat oven to 350°F (175°C). Grease a 9-inch round cake pan.

2. In a medium bowl, mix together the flour and sugar.

3. Pour in the melted butter and combine until the mixture resembles coarse crumbs.

4. Add in the milk and stir until just combined.

5. Spread the batter into the prepared pan and top with the fresh fruit.

6. Bake for 35 to 40 minutes, or until a toothpick inserted into the center comes out clean.

7. Allow to cool before serving. Enjoy!"
"[""graham cracker crumbs"", ""sugar"", ""butter"", ""cream cheese"", ""sugar"", ""milk"", ""chocolate flavor"", ""milk""]","Chocolate Graham Crackers
Ingredients:
- 2 cups graham cracker crumbs
- 1/2 cup sugar
- 1/2 cup butter, melted
- 8 ounces cream cheese, softened
- 1/4 cup sugar
- 1/2 teaspoon vanilla extract
- 2 tablespoons milk
- 1/2 teaspoon chocolate flavor 
- 2 tablespoons milk

Instructions:
1. Preheat oven to 375 degrees F (190 degrees C).
2. In a bowl, mix together the graham cracker crumbs, sugar, and butter until well blended.
3. Press mixture firmly into an 8x8 inch pan.
4. Bake for 12 minutes or until lightly browned.
5. In a separate bowl, beat together cream cheese, sugar, and vanilla until smooth.
6. Spread cream cheese mixture over the graham cracker crust.
7. Sprinkle with chocolate flavor.
8. Drizzle milk over all.
9. Bake for an additional 20 minutes or until golden brown.
10. Cool in the pan before cutting into squares. Enjoy!"
"[""VINAIGRETTE"", ""pear juice"", ""white wine vinegar"", ""mustard"", ""salt"", ""pepper"", ""olive oil"", ""SALAD"", ""red onion"", ""almonds""]","Vinaigrette Pear Salad
Ingredients:
- 2 tablespoons white wine vinegar
- 1 tablespoon olive oil
- 1 teaspoon Dijon mustard
- 1/2 teaspoon salt
- 1/4 teaspoon ground black pepper
- 2 tablespoons pear juice
- 2 tablespoons finely diced red onion
- 1/4 cup sliced almonds

Instructions:
1. In a small bowl, whisk together the white wine vinegar, olive oil, Dijon mustard, salt, and pepper.
2. Add the pear juice and mix until blended.
3. Place the red onion in the bowl and toss with the dressing.
4. Place the almonds in a bowl and pour the dressing over them. Toss until evenly coated.
5. Serve the salad on a bed of greens. Enjoy!"
"[""digestive biscuits"", ""butter"", ""Nutella"", ""hazelnuts"", ""sugar""]","Digestive Biscuits and Nutella Cups

Ingredients: 
- 20 Digestive Biscuits 
- 6 tbsp Butter 
- 4 tbsp Nutella 
- 2 tbsp Hazelnuts, chopped 
- 2 tsp Sugar 

Instructions: 
1. Preheat your oven to 350°F. 
2. Line a muffin tin with parchment paper. 
3. In a food processor or blender, grind the digestive biscuits into crumbs. 
4. In a microwave safe bowl, melt the butter. 
5. Add the biscuit crumbs to the melted butter and mix until combined. 
6. Place 1 tablespoon of the mixture into each of the muffin cases and press down lightly to form a cup shape. 
7. Bake in the preheated oven for 10 minutes. 
8. Remove from the oven and let cool. 
9. Once cooled, spoon a teaspoon of Nutella into each of the cups followed by a sprinkle of hazelnuts. 
10. Finally, sprinkle a teaspoon of sugar over each cup. 
11. Serve and enjoy!"
"[""unsalted butter"", ""Batter"", ""ground ginger"", ""ground cloves"", ""ground cinnamon"", ""Orange Sauce"", ""water"", ""cornstarch"", ""orange juice concentrate"", ""sugar"", ""unsalted butter"", ""vanilla beans"", ""oranges""]","Orange Sauce Gingersnap Cookies

Ingredients: 

- 1 cup Unsalted Butter, softened 
- 1/2 cup Batter 
- 1 teaspoon Ground Ginger 
- 1 teaspoon Ground Cloves 
- 1 teaspoon Ground Cinnamon 
- 1/2 cup Orange Sauce 
- 1/2 cup Water 
- 2 tablespoons Cornstarch 
- 1/2 cup Orange Juice Concentrate 
- 1/2 cup Sugar 
- 1 cup Unsalted Butter, chilled 
- 1 teaspoon Vanilla Beans 
- 2 Oranges, zested and juiced

Instructions:

1. Preheat oven to 350 degrees F.

2. In a medium bowl, cream together the softened butter and batter with an electric mixer until light and fluffy.

3. Add the ground ginger, cloves, and cinnamon and mix until blended.

4. In a separate bowl, combine the orange sauce, water, cornstarch, orange juice concentrate and sugar and mix until dissolved.

5. Add the orange sauce mixture to the butter batter and mix until combined.

6. Cut the chilled butter into small pieces and add to the mixture. Mix until the butter is fully incorporated.

7. Stir in the vanilla beans and orange zest and juice.

8. Drop by tablespoonfuls onto a greased cookie sheet.

9. Bake for 10 to 12 minutes or until golden brown.

10. Cool on wire racks. Enjoy!"
"[""sugar"", ""butter"", ""vanilla"", ""white syrup"", ""eggs"", ""pecans""]","Vanilla Pecan Syrup Cake
Ingredients:
- 1/2 cup sugar
- 1/2 cup butter, softened
- 2 tsp vanilla extract
- 1/3 cup white syrup
- 3 eggs
- 1 1/2 cups all-purpose flour
- 2 tsp baking powder
- 1/4 tsp salt
- 1/2 cup chopped pecans
Instructions:

1. Preheat oven to 350 degrees F (175 degrees C). Grease and flour a 9 inch round cake pan.

2. In a large bowl, cream together the sugar and butter until light and fluffy. Beat in the vanilla extract, then stir in the syrup. Beat in the eggs one at a time.

3. In a separate bowl, sift together the flour, baking powder, and salt. Add to the creamed mixture and mix until just blended. Stir in the pecans. Pour into the prepared pan.

4. Bake for 30 minutes in the preheated oven, or until a toothpick inserted comes out clean. Let cool in the pan for 10 minutes, then turn out onto a wire rack and cool completely. Serve with a drizzle of additional white syrup. Enjoy!"
"[""Milk"", ""Coconut milk"", ""brown sugar"", ""Gelatin"", ""Water""]","Coconut Milk and Brown Sugar Panna Cotta
Ingredients:

- 1/2 cup coconut milk
- 2 tablespoons brown sugar
- 2 teaspoons unflavored gelatin
- 1/4 cup cold water

Instructions:

1. In a medium bowl, whisk together the coconut milk and brown sugar until the sugar is dissolved.
2. Sprinkle the gelatin over the cold water and let it sit for 10 minutes.
3. Add the gelatin mixture to the coconut milk mixture and whisk until the gelatin is completely dissolved.
4. Pour the mixture into 4 ramekins or custard cups. Refrigerate for at least 3 hours or until set.
5. Serve chilled and enjoy!"
"[""red pepper"", ""vodka"", ""shallots"", ""extra virgin olive oil"", ""heavy cream"", ""butter"", ""tomatoes"", ""pasta""]","Vodka-Shallot Pasta with Red Peppers

Ingredients: 

- 2 tablespoons extra virgin olive oil 
- 1/4 cup shallots, chopped
- 2 tablespoons vodka
- 1 large red bell pepper, cut into strips
- 1/4 cup heavy cream
- 2 tablespoons butter 
- 1 large tomato, diced
- 1/2 teaspoon red pepper flakes 
- 8 ounces of your favorite pasta (spaghetti, fettuccine, penne etc.)
- Parmesan cheese for garnish 

Directions:

1. Bring a pot of salted water to a boil over high heat. Add the pasta and cook according to the instructions on the package.

2. Meanwhile, heat a large skillet or pan over medium-high heat. Add the olive oil and shallots and sauté until the shallots are softened, about 2 minutes.

3. Add the vodka and red peppers and cook for another 2 minutes.

4. Pour in the cream and reduce the heat to low. Simmer for 5 minutes.

5. Add the butter, tomatoes and red pepper flakes and stir everything together until the butter is melted. 

6. Once the pasta is done, drain it and add it to the pan. Toss everything together and cook for one more minute.

7. Serve the pasta warm with parmesan cheese for garnish. Enjoy!"
"[""shrimp"", ""cognac"", ""lemon juice"", ""heavy cream"", ""horseradish"", ""mustard"", ""sugar"", ""ketchup""]","Shrimp Cordon Bleu with Cognac Cream Sauce

Ingredients:

- 1 pound of large shrimp, peeled and deveined
- 2 tablespoons of cognac
- 4 tablespoons of heavy cream
- 2 tablespoons of lemon juice
- 2 teaspoons of horseradish
- 2 teaspoons of Dijon mustard
- 1 teaspoon of sugar
- 2 tablespoons of ketchup

Instructions:

1. Preheat oven to 375°F.

2. In a bowl, mix together the shrimp, cognac, heavy cream, lemon juice, horseradish, mustard, sugar, and ketchup until everything is combined.

3. Place the shrimp in an oven safe dish and bake for 15 minutes or until the shrimp are cooked through.

4. Serve hot with your favorite side dishes. Enjoy!"
"[""white sugar"", ""butter"", ""eggs"", ""vanilla"", ""flour"", ""ground cinnamon"", ""baking powder"", ""baking soda"", ""salt"", ""ground nutmeg"", ""buttermilk"", ""Maple Buttercream Frosting"", ""butter"", ""shortening"", ""maple syrup"", ""salt"", ""sugar"", ""bacon"", ""sugar""]","White Sugar Chocolate Chip Cookies:
Ingredients:
- 2/3 cup white sugar
- 2/3 cup butter, melted and cooled
- 2 large eggs
- 1 teaspoon vanilla extract
- 2 cups all purpose flour
- 1 teaspoon ground cinnamon
- 1 teaspoon baking powder
- 1/2 teaspoon baking soda
- 1/2 teaspoon salt
- 1/2 cup ground nutmeg
- 1/2 cup buttermilk
- 1 cup white chocolate chips
- 1/2 cup Maple Buttercream Frosting
- 1/4 cup shortening
- 2 tablespoons maple syrup
- 1/4 teaspoon salt
- 2 tablespoons bacon, cooked and crumbled
- 2 tablespoons sugar
Instructions:
1. Preheat oven to 350°F. Line two baking sheets with parchment paper or silpat mats.
2. In a medium bowl, whisk together the dry ingredients.
3. In a separate bowl, mix together the melted butter, sugar, eggs, and vanilla until well combined.
4. Slowly add in the dry ingredients to the wet ingredients, stirring until everything is just combined.
5. Fold in the chocolate chips and bacon.
6. Using a cookie scoop, scoop out dough onto prepared baking sheets. Bake for 10 minutes or until edges are lightly browned.
7. Let cool on baking sheets for 5 minutes before transferring to a wire rack to cool completely.
8. Meanwhile, combine the frosting ingredients in a small bowl.
9. Once the cookies are cooled, pipe the frosting onto the cookies and sprinkle with remaining bacon. Enjoy!"
"[""chicken breasts"", ""butter"", ""flour"", ""milk"", ""mustard"", ""horseradish"", ""honey"", ""lemon juice""]","Honey Mustard Chicken Breasts

Ingredients:

- 4 boneless, skinless chicken breasts
- 2 tablespoons butter
- 1/4 cup all-purpose flour
- 1 cup milk
- 2 tablespoons prepared mustard
- 1 tablespoon honey
- 2 teaspoons horseradish
- 2 tablespoons lemon juice

Instructions:

1. Preheat oven to 350°F. 

2. In a small bowl, combine the flour, mustard, honey and horseradish.

3. Heat the butter in a large skillet over medium heat. 

4. Lightly dust the chicken breasts in the flour mixture, then add them to the skillet. Cook for 6 minutes, flipping once, or until they are lightly golden and cooked through. 

5. Transfer the chicken to a baking dish. 

6. In the same skillet, add the milk, lemon juice and remaining flour mixture. Whisk together and cook for 3 minutes or until it thickens. Pour the sauce over the chicken. 

7. Bake for 20-25 minutes or until the chicken is cooked through. 

8. Serve and enjoy!"
"[""butter"", ""currants"", ""dark brown sugar"", ""lemon"", ""ground nutmeg"", ""ground cinnamon"", ""ground cloves"", ""pastry"", ""egg white"", ""sugar""]","Lemon Curd Bars

Ingredients:

- 1/2 cup butter, melted
- 1/2 cup currants
- 1/3 cup dark brown sugar
- 2 eggs, separated
- 1/4 cup lemon juice
- 3/4 cup ground nutmeg
- 1 teaspoon ground cinnamon
- 1/4 teaspoon ground cloves
- 1/2 cup pastry flour
- 1/4 cup sugar

Instructions:

1. Preheat oven to 350°F (175°C). Grease a 9x9 inch baking pan.

2. In a medium bowl, combine the melted butter and currants. Stir in the dark brown sugar and egg yolks. Add the lemon juice and mix until combined.

3. In a separate bowl, mix together the nutmeg, cinnamon, cloves, pastry flour and sugar. Add this mixture to the wet ingredients and mix until combined.

4. In a clean bowl, beat the egg whites until stiff peaks form. Fold the egg whites into the batter.

5. Pour the batter into the prepared pan and spread evenly. Bake for 20-25 minutes, or until a toothpick inserted into the center comes out clean.

6. Let cool before slicing and serving. Enjoy!"
"[""sweet paprika"", ""green pepper"", ""tomatoes"", ""onion"", ""olive oil"", ""bay leaf"", ""potatoes"", ""garlic"", ""pimientos"", ""green peas""]","Sweet Paprika Stew
Ingredients:
- 1 tbsp sweet paprika
- 1 green pepper, diced
- 2 tomatoes, diced
- 1 onion, diced
- 1/4 cup olive oil
- 1 bay leaf
- 2 potatoes, peeled and cubed 
- 2 cloves garlic, minced
- 1/2 tsp pimentos
- 1/2 cup green peas

Instructions:
1. Heat olive oil in a large pot over medium heat. 
2. Add the onion and garlic and cook, stirring occasionally, until the onion is soft and translucent, about 5 minutes.
3. Add the paprika, green pepper, tomato, bay leaves, potatoes, and pimentos to the pot and stir, cooking for 1 minute.
4. Pour in 3 cups of water and bring the mixture to a boil.
5. Reduce the heat and simmer the stew, covered, for 20 minutes or until the potatoes are tender.
6. Add the green peas to the stew and simmer for an additional 5 minutes.
7. Serve warm. Enjoy!"
"[""Italian salad dressing"", ""butter"", ""beer"", ""salt"", ""pepper"", ""Tabasco sauce"", ""shrimp""]","Italian Salad with Butter Beer Dressing

Ingredients: 
-1/2 cup melted butter
-2 tablespoons beer
-1 teaspoon salt
-1/4 teaspoon pepper
-1 tablespoon Tabasco sauce
-1 pound cooked, peeled shrimp

Instructions:

1. In a medium bowl, whisk together the melted butter and beer until combined.

2. Add in the salt, pepper, Tabasco sauce and whisk to combine.

3. Place the cooked shrimp into the bowl and stir until evenly coated in the dressing.

4. Serve over a bed of greens and enjoy!"
"[""vanilla wafers"", ""cream cheese"", ""cream cheese"", ""Splenda"", ""vanilla"", ""egg whites""]","Vanilla Wafer Cheesecake

Ingredients:
-1 ½ cups vanilla wafers, crushed
-2 tablespoons Splenda
-2 tablespoons butter, melted
-2 (8 ounce) packages cream cheese, softened
-¾ cup Splenda
-2 tablespoons cornstarch
-1 teaspoon vanilla extract
-4 egg whites

Instructions:

1. Preheat oven to 350 degrees F (175 degrees C). Grease a 9 inch springform pan. 

2. In a medium bowl, mix together the crushed wafers, 2 tablespoons Splenda, and butter. Press into the prepared pan. 

3. In a large bowl, beat cream cheese until smooth. Beat in ¾ cup Splenda, cornstarch, and vanilla extract. Beat in the egg whites one at a time, mixing just until blended. 

4. Pour over crust. 

5. Bake in preheated oven for 35 minutes, or until center is almost set. Let cool, then chill in the refrigerator before serving. Enjoy!"
"[""pork"", ""brown sugar"", ""ketchup"", ""maple syrup""]","Pork with Brown Sugar and Ketchup Glaze
Ingredients:
- 1 pound pork, cut into cubes
- 2 tablespoons brown sugar
- 2 tablespoons ketchup
- 2 tablespoons maple syrup
Directions:
1. Preheat oven to 375°F.
2. Place pork cubes in a shallow baking dish.
3. In a small bowl, combine brown sugar, ketchup, and maple syrup.
4. Pour the mixture over the pork cubes and toss to coat evenly.
5. Bake for 30 minutes, stirring occasionally.
6. Serve warm."
"[""Coconut Milk"", ""Milk"", ""Milk"", ""Sugar"", ""Milk(full"", ""Eggs"", ""Salt"", ""Coconut"", ""Vanilla"", ""Aluminum cake"", ""mesh strainer""]","Coconut Milk Cake

Ingredients:

• 2 cups Coconut Milk 
• 1 cup Milk 
• ½ cup Sugar 
• 2 eggs 
• ¼ teaspoon Salt
• ½ teaspoon Vanilla 
• ⅓ cup Aluminium cake mesh strainer

Instructions:

1. Preheat oven to 350°F (175°C).

2. In a large bowl, combine coconut milk, milk, sugar, eggs, salt and vanilla. Stir until thoroughly mixed.

3. Grease a 9 inch cake pan with cooking oil or butter.

4. Pour the mixture into the cake pan and spread evenly.

5. Place the aluminium cake mesh strainer over the top of the batter.

6. Bake for 30-35 minutes until golden brown.

7. Let cool before serving. Enjoy!"
"[""white asparagus"", ""chicken"", ""butter"", ""bay leaf"", ""oranges"", ""salt"", ""extra virgin olive oil"", ""Freshly ground black pepper""]","Orange Chicken with White Asparagus
Ingredients:
* 2 boneless, skinless chicken breasts
* 2 tablespoons butter
* 1 bunch white asparagus, trimmed
* 2 oranges, cut into wedges
* 1 teaspoon salt
* 2 tablespoons extra virgin olive oil
* Freshly ground black pepper, to taste

Instructions:

1. Preheat oven to 375 degrees F.

2. Heat butter in a large skillet over medium heat. Add the chicken breasts and cook for 3-4 minutes per side, or until golden brown.

3. Transfer chicken to a baking dish and top with orange wedges.

4. In the same skillet, add the asparagus and cook for 3-4 minutes, or until tender.

5. Place asparagus around the chicken in the baking dish.

6. Drizzle with olive oil, sprinkle with salt and pepper.

7. Bake in preheated oven for 15-20 minutes, or until chicken is cooked through.

8. Serve warm with fresh orange wedges. Enjoy!"
"[""woven wheat crackers"", ""deli"", ""CLAUSSEN Sauerkraut"", ""Swiss"", ""POUPON""]","Deli Sauerkraut and Swiss Poupon Oven Wheat Cracker Delight
Ingredients: 
- 8 oven wheat crackers 
- 1/4 cup deli sauerkraut 
- 2 tablespoons Swiss Poupon mustard
- 2 tablespoons butter, melted
Directions: 
1. Preheat oven to 375 degrees F. 
2. Place crackers on an ungreased baking sheet. 
3. Evenly spread sauerkraut over each cracker. 
4. Drizzle melted butter over each cracker. 
5. Bake in preheated oven for approximately 12 minutes, or until golden brown. 
6. Remove from oven and top with a light layer of Swiss Poupon mustard. 
7. Serve warm and enjoy!"
"[""unsalted butter"", ""brown sugar"", ""vanilla"", ""salt"", ""semi-sweet chocolate bits"", ""carrots"", ""eggs"", ""flour"", ""pecans""]","Salted Caramel Chocolate Pecan Blondies 
Ingredients: 
- ½ cup salted butter, melted 
- 1 cup light brown sugar 
- 2 teaspoons vanilla extract 
- ¼ teaspoon salt 
- ½ cup semi-sweet chocolate chips 
- ½ cup grated carrots 
- 2 large eggs 
- 1 cup all-purpose flour 
- ½ cup chopped pecans 
Directions: 
1. Preheat oven to 350°F. Grease an 8x8 inch baking dish and set aside. 
2. In a medium bowl, whisk together melted butter, brown sugar, vanilla, and salt until well combined. 
3. Add eggs one at a time, stirring until fully incorporated. 
4. Fold in the chocolate chips, carrots, and pecans. 
5. Slowly stir in the flour until just incorporated. 
6. Pour batter into prepared baking dish and spread evenly. 
7. Bake for 25-30 minutes or until golden brown and a toothpick inserted comes out clean. 
8. Let cool completely before slicing and serving. Enjoy!"
"[""beef flank"", ""onion"", ""olive oil"", ""vinegar"", ""oregano"", ""salt"", ""tomatoes"", ""onion"", ""serrano chilies"", ""avocados""]","Grilled Tomato & Onion Skewers

Ingredients:

- 2 large tomatoes, cut into chunks
- 2 large onions, cut into chunks
- 2 tablespoons olive oil
- 1 tablespoon vinegar
- 1 teaspoon oregano
- ½ teaspoon salt
- 2 serrano chilies, seeded and chopped 
- 2 avocados, peeled and pitted

Instructions:

1. Preheat grill to medium-high heat.

2. In a bowl, combine the tomatoes, onions, olive oil, vinegar, oregano, and salt. Mix to combine.

3. Thread the tomato and onion chunks onto skewers. Place on the preheated grill and cook, turning occasionally, until lightly charred and tender, about 10 minutes.

4. Meanwhile, in a small bowl, combine the serrano chilies and avocados. Mix to combine.

5. Serve the grilled tomatoes and onions with the chili and avocado mixture. Enjoy!"
"[""mango"", ""salt"", ""brown sugar"", ""cider vinegar""]","Mango and Salt Salad

Ingredients:
- 2 large, ripe mangoes, peeled and cut into cubes
- 2 tablespoons of coarse sea salt
- 2 tablespoons of brown sugar
- 1/4 cup of cider vinegar

Directions:
1. Place the cubed mangoes in a large bowl.
2. Sprinkle the sea salt and brown sugar over the top.
3. Drizzle with the cider vinegar and toss to combine.
4. Serve immediately or chill in the refrigerator until ready to serve. Enjoy!"
"[""graham cracker crumbs"", ""sugar"", ""almonds"", ""cinnamon"", ""butter""]","Almond Cinnamon Crumble

Ingredients: 
- 1/2 cup graham cracker crumbs
- 1/4 cup sugar
- 1/4 cup finely chopped almonds
- 1 teaspoon cinnamon
- 4 tablespoons butter, melted

Instructions:
1. Preheat oven to 350°F.
2. In a medium bowl, mix together graham cracker crumbs, sugar, almonds and cinnamon.
3. Add melted butter and stir until all ingredients are well combined.
4. Transfer mixture to an 8-inch square baking dish.
5. Bake for about 15 minutes or until top is golden brown.
6. Serve warm or at room temperature."
"[""ricotta cheese"", ""ricotta cheese"", ""fresh oregano"", ""fresh basil"", ""eggs"", ""spaghetti sauce"", ""water"", ""vegetable protein"", ""garlic"", ""olive oil"", ""onion"", ""mixed mushrooms"", ""swiss chard"", ""pasta"", ""mozzarella cheese"", ""mozzarella cheese"", ""parmesan cheese"", ""salt"", ""ground pepper""]","Ingredients:

- 2 cups Ricotta cheese
- 1 tablespoon fresh oregano
- 1 tablespoon fresh basil
- 3 eggs
- 1 jar of spaghettI sauce
- 1/2 cup water
- 1/2 cup vegetable protein 
- 4 cloves of garlic
- 2 tablespoons olive oil
- 1/2 onion diced
- 4 ounces of mixed mushrooms
- 2 ounces swiss chard
- 8 ounces of pasta
- 1/2 cup mozzarella cheese
- 1/2 cup Parmesan cheese
- 1 teaspoon salt
- 1/2 teaspoon ground pepper

Instructions:

1. Preheat oven to 375 degrees F.

2. In a medium bowl, mix the ricotta cheese, oregano, basil, eggs and vegetable protein.

3. In a large skillet over medium heat, add the olive oil and garlic. Sauté until lightly browned.

4. Add the onion, mushrooms and swiss chard to the skillet and sauté for an additional 5 minutes.

5. Cook the pasta according to package instructions.

6. Once the pasta is cooked, drain and add to the skillet with the vegetables.

7. Pour in the jar of spaghetti sauce and the water. Mix everything together and bring to a simmer.

8. Grease a 9x13 baking dish with cooking spray.

9. Spread the ricotta mixture on the bottom of the baking dish.

10. Top with the pasta and vegetable mixture.

11. Sprinkle the top with the mozzarella and Parmesan cheeses.

12. Bake in preheated oven for 25-30 minutes or until cheese is melted and bubbly.

13. Let cool for 10 minutes before serving."
"[""bacon"", ""cream cheese"", ""spread"", ""blue cheese"", ""sherry"", ""water chestnuts"", ""onion"", ""pimiento""]","Apple Bacon, Cream Cheese and Sherry Spread 

Ingredients:
- 4 slices bacon, diced 
- 4 ounces cream cheese, softened 
- 1/4 cup sherry 
- 2 tablespoons blue cheese, crumbled 
- 1/2 cup water chestnuts, chopped 
- 1 onion, chopped 
- 1 tablespoon pimento, drained and diced 

Instructions:
1. Preheat oven to 375 degrees F (190 degrees C).
2. Place the bacon in a medium skillet over medium heat and cook until lightly browned, stirring occasionally.
3. In a medium bowl, combine the cream cheese, sherry, blue cheese, water chestnuts, onion and pimento.
4. Gently fold the bacon into the mixture.
5. Spread the mixture onto a large baking sheet.
6. Bake for 15 minutes in the preheated oven, or until slightly browned.
7. Serve warm with crackers or fresh vegetables."
"[""white wine"", ""vegetable stock"", ""onions"", ""dill"", ""sage"", ""bay leaves"", ""lemons"", ""Kosher salt"", ""salmon filet"", ""dill"", ""horseradish"", ""lemon juice"", ""sour cream"", ""mayonnaise"", ""Kosher salt"", ""chives""]","White Wine Salmon with Vegetable Stock, Onions and Dill Sauce

Ingredients: 
- 2 tablespoons white wine 
- 1 cup vegetable stock 
- 1 onion, diced 
- 1 tablespoon fresh dill, chopped 
- 1 teaspoon sage, chopped 
- 1 bay leaf 
- Juice of 1 lemon 
- 1/2 teaspoon Kosher salt 
- 4 (4 oz) salmon fillets 
- 2 tablespoons fresh dill, chopped 
- 1 tablespoon horseradish 
- Juice of 1/2 lemon 
- 2 tablespoons sour cream 
- 1 tablespoon mayonnaise 
- 1/4 teaspoon Kosher salt 
- 1/4 cup chives, chopped 

Instructions: 
1. Preheat oven to 400°F.
2. In a large skillet over medium heat, add the white wine, vegetable stock, onion, dill, sage, and bay leaf. Simmer for 5 minutes until the onion is softened.
3. Place the salmon fillets in an oven-safe baking dish. Pour the white wine mixture over the top of the salmon.
4. Squeeze the juice of 1 lemon over the salmon and sprinkle with the Kosher salt.
5. Bake in preheated oven for 20 minutes or until the salmon is cooked through.
6. In a small bowl, mix together the horseradish, lemon juice, sour cream, mayonnaise, Kosher salt, and chives.
7. Spread the horseradish mixture evenly over the cooked salmon and serve."
"[""flour"", ""sugar"", ""milk"", ""baking powder"", ""butter"", ""peaches""]","Peachy Flour Cake
Ingredients:
- 2 cups all-purpose flour 
- 1 cup sugar 
- 1 cup milk 
- 2 teaspoons baking powder 
- 1/2 cup butter, melted 
- 1 can (14.5 ounces) sliced peaches 
Instructions:
1. Preheat oven to 350°F. Grease an 8x8 inch baking pan.
2. In a large bowl, whisk together the flour, sugar, baking powder, and salt.
3. In a separate bowl, whisk together the milk and melted butter until combined.
4. Add the wet ingredients to the dry ingredients and mix until just combined.
5. Pour the batter into the prepared pan. Top with the peaches.
6. Bake in preheated oven for 35-40 minutes until golden brown and a toothpick inserted comes out clean.
7. Let cool before serving. Enjoy!"
"[""paprika"", ""salt"", ""onion powder"", ""white pepper"", ""cayenne pepper"", ""thyme"", ""garlic"", ""pepper"", ""chicken"", ""onion""]","Spicy Chicken with Sauteed Onions
Ingredients:
- 4 chicken breasts
- 2 tablespoons paprika
- 1 teaspoon salt
- 1 teaspoon onion powder
- 1 teaspoon white pepper
- 1 teaspoon cayenne pepper
- ½ teaspoon thyme
- 2 cloves garlic, minced
- ¼ teaspoon pepper
- 1 tablespoon olive oil
- 1 large onion, sliced

Instructions:
1. Preheat oven to 375°F.
2. Place the chicken in a roasting dish.
3. In a small bowl, mix together the paprika, salt, onion powder, white pepper, cayenne pepper, and thyme. Sprinkle this seasoning evenly over the chicken.
4. In a large skillet over medium heat, heat the olive oil. Add the garlic and onion and sauté until the onions are golden brown, about 8-10 minutes.
5. Place the sautéed onions on top of the chicken.
6. Bake in the preheated oven for 25-30 minutes, or until the chicken is cooked through.
7. Serve warm with your favorite side dishes."
"[""chicken breasts"", ""cream of chicken soup"", ""crackers"", ""butter"", ""cheese"", ""couscous""]","Chicken Breasts with Cream of Chicken Soup, Crackers, Butter, Cheese and Couscous:

Ingredients: 
- 4 boneless, skinless chicken breasts
- 2 tablespoons butter
- 1 can cream of chicken soup
- 1 cup shredded cheese
- 1/2 cup milk
- 1/2 cup crackers, crushed
- 2 tablespoons butter
- 1/2 cup couscous, uncooked

Instructions:

1. Preheat oven to 375°F.

2. Place chicken breasts in a baking dish.

3. In a medium saucepan, melt butter over medium heat.

4. Add cream of chicken soup, milk, and cheese. Stir until cheese is melted and mixture is smooth.

5. Pour over chicken breasts in baking dish.

6. Combine crushed crackers and butter, mixing until crumbly.

7. Sprinkle cracker mixture over the top of chicken breasts.

8. Bake for 25 minutes, or until chicken is cooked through.

9. Meanwhile, prepare couscous according to package instructions.

10. Serve chicken breasts with cream of chicken soup sauce and couscous. Enjoy!"
"[""sugar"", ""corn syrup"", ""whipping cream"", ""butter"", ""nuts"", ""vanilla""]","Caramelized Nut Sundae Parfait
Ingredients:
- 2 tablespoons of sugar
- 2 tablespoons of corn syrup
- ½ cup of whipping cream
- 2 tablespoons of butter
- ¼ cup of nuts (chopped)
- 1 teaspoon of vanilla extract

Instructions: 
1. In a small saucepan, combine sugar and corn syrup over medium heat and stir until sugar has dissolved. 
2. Increase heat to medium-high and bring to a boil. Boil for 5 minutes, stirring frequently. 
3. Remove from heat and add whipping cream and butter; stir until combined. 
4. Add chopped nuts and vanilla extract and mix until combined. 
5. Let cool completely before serving. 
6. Assembling the parfait: 
7. Layer caramelized nut mixture, whipped cream and additional chopped nuts in a dessert bowl or glass. 
8. Serve chilled and enjoy!"
"[""pizza dough"", ""extra-virgin olive oil"", ""oregano"", ""butter"", ""chicken"", ""red onion"", ""garlic"", ""grill seasoning"", ""frozen spinach"", ""feta crumbles"", ""Salt"", ""mozzarella cheese"", ""red peppers"", ""olives"", ""arugula"", ""cucumber"", ""pepper""]","Chicken with Extra-Virgin Olive Oil and Oregano

Ingredients:

2 tablespoons extra-virgin olive oil
1 teaspoon dried oregano
1/4 teaspoon salt
1/4 teaspoon ground black pepper
4 boneless, skinless chicken breasts
3 tablespoons butter
1 tablespoon grill seasoning
1/2 cup feta cheese crumbles
1/4 cup frozen spinach
1/4 cup mozzarella cheese
2 tablespoons red onion, diced
2 cloves garlic, minced
1/4 cup olives
1/4 cup red peppers, diced
1/4 cup arugula
1/4 cup cucumber, diced
1 teaspoon freshly ground black pepper

Instructions:

1. Preheat oven to 375°F and lightly grease a baking dish.

2. In a small bowl, mix together the extra-virgin olive oil, oregano, salt, and pepper.

3. Place the chicken breasts in the prepared baking dish and brush with the olive oil mixture.

4. Top the chicken with the butter and sprinkle with the grill seasoning.

5. Bake for 25 minutes, or until the chicken is cooked through.

6. In a small skillet, heat the feta cheese over medium heat until starting to melt.

7. Add the frozen spinach and cook for another 2 minutes.

8. Mix in the mozzarella cheese, red onion, garlic, olives, red peppers, arugula, cucumber, and black pepper.

9. Once the chicken is cooked, top each breast with the feta cheese and spinach mixture.

10. Serve warm. Enjoy!"
"[""butter"", ""sugar"", ""almond extract"", ""flour"", ""salt"", ""milk chocolate kisses"", ""cream cheese"", ""egg yolk"", ""orange juice"", ""baking powder"", ""flaked coconut""]","Almond-Chocolate Kisses:

Ingredients: 
- 1/4 cup butter
- 1/2 cup sugar
- 2 tsp almond extract
- 3/4 cup all-purpose flour
- 1/4 teaspoon salt
- 1/2 cup milk 
- 1/2 cup chopped chocolate kisses
- 1/4 cup cream cheese
- 2 egg yolks
- 2 tablespoons orange juice
- 1 teaspoon baking powder
- 1/4 cup flaked coconut

Instructions:

1. Preheat oven to 350°F and lightly grease a 9” baking dish.

2. In a medium bowl, cream together the butter and sugar until light and fluffy. Add in the almond extract and mix until combined.

3. In a separate bowl, whisk together the flour, salt, baking powder, and coconut.

4. Slowly add the dry ingredients to the wet ingredients, alternating with the milk, orange juice, and cream cheese. Mix until just combined.

5. Stir in the chocolate kisses.

6. Beat the egg yolks slightly and add them to the batter.

7. Spread the batter evenly into the greased baking dish.

8. Bake for 25-30 minutes or until a toothpick inserted comes out clean.

9. Let cool before serving and enjoy!"
"[""mozzarella cheese"", ""onion"", ""green bell pepper"", ""oil"", ""sausage"", ""pepperoni"", ""black olives"", ""mushrooms"", ""pizza sauce"", ""penne pasta""]","Fried Mozzarella and Sausage Penne Pasta
Ingredients:
- 8 oz. Mozzarella cheese, cubed
- 1 onion, diced
- 1 green bell pepper, seeded & diced
- 2 tablespoons oil
- 2 Italian sausages, cut into small pieces
- 2 tablespoons pepperoni
- 1/4 cup black olives, sliced
- 1/2 cup mushrooms, chopped
- 1/4 cup pizza sauce
- 1/3 cup penne pasta

Instructions:

1. Heat the oil in a large skillet over medium-high heat.

2. Add the sausage and cook for about 5 minutes, stirring occasionally.

3. Add the onions, green peppers and pepperoni and stir to combine. Cook for an additional 3 minutes.

4. Add the mushrooms and black olives and stir. Cook for an additional 4 minutes.

5. Pour in the pizza sauce, stirring to combine all ingredients.

6. Add the penne pasta and stir. Cook for an additional 3 minutes until the pasta is cooked through.

7. Add the mozzarella cheese and stir until melted.

8. Serve hot with your favorite side dish. Enjoy!"
"[""pita breads"", ""salt"", ""olive oil"", ""vegetable soup mix"", ""sour cream"", ""light mayonnaise"", ""spinach"", ""water""]","Vegetable Soup with Breads and Salt 
Ingredients:
- 2 pitas, cut into small cubes
- 1 tablespoon of salt 
- 1 tablespoon of olive oil
- 1 package of vegetable soup mix 
- 1/2 cup sour cream 
- 2 tablespoons light mayonnaise 
- 2 cups spinach, chopped
- 2 cups water
Instructions: 
1. In a medium saucepan, heat the olive oil over medium-high heat.
2. Add the pita cubes and salt and cook for 3 minutes, stirring occasionally.
3. Add the soup mix and stir until everything is combined.
4. Add the sour cream, mayonnaise, spinach, and water and bring to a low boil.
5. Reduce the heat to low, cover the pan and simmer for 10 minutes.
6. Serve the soup with the pita cubes on top. Enjoy!"
"[""angel hair pasta"", ""tomato pesto"", ""chicken breast"", ""olive oil"", ""red bell pepper"", ""orange bell pepper"", ""red onion"", ""zucchini""]","Chicken Breasts with Angel Hair Pasta, Tomato Pesto, Olive Oil, Red Bell Pepper, Orange Bell Pepper, Red Onion and Zucchini 

Ingredients: 
- 2 chicken breasts
- 3/4 cup of angel hair pasta
- 1/2 cup of tomato pesto
- 2 tablespoons olive oil 
- Half a red bell pepper, cut into strips 
- Half an orange bell pepper, cut into strips 
- 1/4 red onion, chopped 
- 1 small zucchini, sliced

Instructions:
1. Bring a large pot of salted water to a boil and add the angel hair pasta. Cook until al dente, according to package instructions. Drain and set aside.
2. In a large skillet, heat the olive oil over medium-high heat. Add the chicken breasts and cook for 4-5 minutes per side, or until cooked through. Remove from pan and set aside.
3. In the same skillet, add the bell peppers and red onion. Sauté until softened, about 5-7 minutes.
4. Add the tomato pesto and stir to combine.
5. Add the cooked pasta, zucchini and cooked chicken. Stir everything together and cook for another 3-4 minutes, or until everything is heated through.
6. Serve warm with additional fresh herbs, if desired. Enjoy!"
"[""vegetable stock cube"", ""fish sauce"", ""lemon-grass stem"", ""fresh kaffir lime"", ""fresh ginger"", ""Birdseye chillies"", ""garlic"", ""Stalks and roots"", ""Wontons"", ""chicken mince"", ""garlic"", ""green shallot"", ""lemon rind"", ""wonton wrappers"", ""green shallots""]","Vegetable Stock Cube Fish Sauce Lemon-grass Stem, Fresh Kaffir Lime, Fresh Ginger, Birdseye Chillies, Garlic, Stalks and Roots Wontons, Chicken Mince, Garlic, Green Shallots, Lemon Rind, Wonton Wrappers, Green Shallots Stir Fry: 

Heat 1 tablespoon of vegetable stock cube in a large wok over medium heat. Add garlic, chillies, green shallots, ginger and lemon-grass stems, and sauté for 2 minutes. Add chicken mince, stalks and roots, and cook for 5 minutes. Add the fish sauce and vegetable stock cube, and stir to combine. Add the fresh kaffir lime and lemon rind, and cook for an additional 3 minutes. Finally, add the wonton wrappers and green shallots, and stir fry until all ingredients are combined. Serve with steamed jasmine rice and enjoy!"
"[""bananas"", ""eggs"", ""all-purpose"", ""baking powder"", ""bananas"", ""walnuts""]","Banana Walnut French Toast

Ingredients: 
- 2 ripe bananas 
- 2 large eggs 
- 2 tablespoons all-purpose baking powder
- 2 tablespoons ground walnuts
- 1/4 teaspoon salt
- Butter for cooking 

Instructions:

1. In a medium bowl, mash the bananas until fairly smooth.

2. Add the eggs and whisk until combined.

3. Add the baking powder, ground walnuts, and salt and mix until blended.

4. Heat a large non-stick skillet over medium-high heat. Add a tablespoon of butter to the pan.

5. Once the butter has melted, pour in the banana mixture and spread it out evenly.

6. Cook for 2 minutes, or until the edges start to turn golden brown.

7. Flip the french toast and continue to cook for another 2 minutes, or until cooked through.

8. Serve warm with extra butter and/or syrup, if desired. Enjoy!"
"[""ground beef"", ""onion"", ""green pepper"", ""clove garlic"", ""tomatoes"", ""tomato sauce"", ""mushrooms"", ""sugar"", ""oregano"", ""salt"", ""basil"", ""cheese"", ""parmesan""]","Ground Beef and Mushroom Lasagna:

Ingredients: 
- 1 lb ground beef
- 1 onion, diced
- 1 green pepper, diced
- 2 cloves of garlic, minced
- 2 tomatoes, diced
- 1/2 cup tomato sauce
- 1 cup mushrooms, sliced
- 1 teaspoon sugar
- 1 teaspoon oregano
- 1 teaspoon salt
- 1 tablespoon basil, chopped
- 2 cups grated cheese (e.g. cheddar, mozzarella)
- 1/4 cup parmesan cheese, grated

Instructions:
1. Preheat oven to 350°F.
2. Heat a large skillet over medium-high heat and brown the ground beef, onion, green pepper, and garlic in the pan until the beef is cooked through.
3. Add the tomatoes, tomato sauce, mushrooms, sugar, oregano, salt, and basil. Stir to combine and bring to a simmer.
4. Grease a 9x13 inch baking dish and pour half of the meat mixture into the bottom of the dish.
5. Sprinkle with half of the cheeses and top with remaining meat mixture.
6. Sprinkle the remaining cheese on top of the lasagna and bake for 30 minutes or until the cheese is melted and bubbly. 
7. Let cool for 10 minutes before slicing and serving. Enjoy!"
"[""butter"", ""sugar"", ""boiling water"", ""yeast"", ""water"", ""flour"", ""cold water"", ""eggs"", ""salt""]","Ingredients:

- 2 tablespoons of butter 
- 1/2 cup of sugar 
- 1/4 cup of boiling water 
- 1 teaspoon of active dry yeast 
- 1/4 cup of cold water 
- 2 eggs 
- 1 teaspoon of salt 
- 2 1/2 cups of flour 

Instructions:

1. In a medium bowl, add the butter and sugar and stir until combined.

2. Pour the boiling water over the mixture and mix until the sugar has dissolved.

3. Add the yeast to the cold water and stir until dissolved.

4. Pour the yeast mixture into the butter and sugar mixture and stir until combined.

5. In a separate bowl, whisk together the eggs, salt and flour until a dough forms.

6. Knead the dough for 5 to 10 minutes until smooth and elastic.

7. Place the dough in a greased bowl and cover with plastic wrap. Let rise for 1 hour.

8. Preheat the oven to 350 degrees F.

9. Roll out the dough on a lightly floured surface and cut into desired shapes.

10. Place the cut out dough pieces on a baking sheet lined with parchment paper and bake for 10-15 minutes until golden brown. Enjoy!"
"[""pepper"", ""bouquet garni"", ""star anise"", ""vegetable stock"", ""carrot"", ""red capsicum"", ""celery"", ""salt""]","Ingredients:

- 2 tablespoons of pepper
- 1 bouquet garni
- 1 teaspoon of star anise
- 1 cup of vegetable stock
- 1 carrot, chopped
- 1 red capsicum, diced
- 1 celery stalk, cubed
- Salt to taste

Instructions:

1. In a large pot, heat the pepper over medium heat for 1 minute.
2. Add the bouquet garni and star anise, and cook for 3 minutes, stirring occasionally.
3. Add the vegetable stock, carrots, red capsicum, celery and salt. Bring to a boil and cook for 10 minutes until all the vegetables are cooked through.
4. Reduce the heat and simmer for another 10 minutes.
5. Serve hot, and enjoy!"
"[""beans"", ""sugar"", ""molasses"", ""mustard"", ""pepper"", ""salt"", ""salt pork""]","Boston Baked Beans
Ingredients:
- 2 cans of baked beans
- 2 tablespoons sugar
- 3 tablespoons molasses 
- 2 tablespoons mustard
- 1 teaspoon pepper
- 1 teaspoon salt
- 1 cup salt pork, diced

Instructions:
1. Preheat oven to 350 degrees F.
2. In a large bowl, combine all ingredients until well mixed.
3. Transfer the mixture to a 9x13 inch baking dish and bake for 1 hour or until bubbly.
4. Serve hot. Enjoy!"
"[""sugar"", ""margarine"", ""milk"", ""semi-sweet chocolate chips"", ""marshmallows"", ""vanilla""]","Chocolate Chip Marshmallow S'mores
Ingredients: 
- 3 tablespoons of sugar 
- 3 tablespoons of margarine 
- 1/2 cup of milk 
- 1 cup of semi-sweet chocolate chips 
- 1 cup of marshmallows 
- 1 teaspoon of vanilla 
Instructions: 
1. Preheat oven to 350°F (175°C).
2. Grease a 9-inch (23 cm) round cake or pie pan.
3. In a medium saucepan, melt the sugar and margarine over low heat until smooth.
4. Add the milk and stir until combined.
5. Remove from heat and set aside.
6. In the prepared pan, layer the chocolate chips, marshmallows, and sugar-margarine mixture.
7. Bake for 20 minutes, or until golden brown.
8. Let cool for 10 minutes before serving.
9. Sprinkle with vanilla and serve. Enjoy!"
"[""mint sprigs"", ""fluid ounces simple syrup"", ""crushed ice"", ""Bourbon""]","Mint Spring-Fluid Ounce Syrup Crushes with Bourbon

Ingredients:

- 1/4 cup fresh mint leaves, roughly chopped
- 2 fluid ounces simple syrup
- 2 teaspoons crushed ice
- 2 tablespoons bourbon

Instructions:

1. In a small bowl, stir together the mint leaves, simple syrup and crushed ice.

2. Pour the mixture into a large glass and add the bourbon.

3. Stir until all of the ingredients are combined.

4. Serve immediately. Enjoy!"
"[""eggs"", ""sugar"", ""cinnamon"", ""cloves"", ""pumpkin"", ""salt"", ""ginger"", ""milk"", ""pastry shell""]","Pumpkin Spice Pie
Ingredients:

- 2 cups of sugar
- 2 teaspoons of cinnamon
- 1 teaspoon of cloves 
- 1 teaspoon of pumpkin spice
- 1/2 teaspoon of salt
- 1/2 teaspoon of ginger
- 1/2 cup of milk
- 1 pre-made pastry shell

Directions:

1. Preheat oven to 350°F.

2. In a bowl, mix together the sugar, cinnamon, cloves, pumpkin spice, salt, and ginger. 

3. Pour the mixture into the pastry shell and spread evenly. 

4. Pour the milk over the mixture and spread evenly.

5. Place the pastry shell onto a baking sheet and bake in the oven for 40 minutes or until golden brown. 

6. Let cool and enjoy your Pumpkin Spice Pie!"
"[""White rice"", ""Carrot"", ""Onion"", ""Green peppers"", ""granules"", ""Salt"", ""Onion"", ""Ground meat"", ""Water"", ""curry roux"", ""Egg"", ""Milk"", ""Heavy cream""]","Curried Rice with Carrot, Onion, Green Peppers, and Ground Meat

Ingredients:

- 2 cups white rice
- 1/2 cup finely chopped carrots
- 1/4 cup chopped onion
- 1/4 cup chopped green peppers
- 1/4 cup granules
- 1/2 teaspoon salt
- 2 tablespoons of butter
- 1 tablespoon of curry roux
- 1/2 pound ground meat
- 1 cup water
- 2 eggs
- 1/4 cup milk
- 2 tablespoons of heavy cream

Instructions:

1. In a large saucepan, melt the butter over medium heat.

2. Add the carrots, onion, and green peppers and cook for 3 minutes until the vegetables are softened.

3. Add the granules, salt, curry roux, ground meat, and water and mix together.

4. Cover the pan and bring to a boil.

5. Reduce the heat to low, cover, and let simmer for 15 minutes or until the rice is cooked.

6. In a small bowl, whisk together the eggs and milk.

7. Pour the egg mixture into the saucepan and stir to combine.

8. Cook for an additional 5 minutes.

9. Remove from the heat, stir in the heavy cream, and serve."
"[""potatoes"", ""tomato paste"", ""vegetable oil"", ""oregano"", ""fennel seeds"", ""paprika"", ""basil"", ""garlic"", ""salt"", ""sugar"", ""parmesan cheese""]","Roasted Potato and Tomato Pasta
Ingredients:
- 2 large potatoes, diced
- 2 tablespoons tomato paste
- 2 tablespoons vegetable oil
- 1 teaspoon oregano
- 1 teaspoon fennel seeds
- 1 teaspoon paprika
- 2 tablespoons chopped fresh basil
- 2 cloves garlic, minced
- Salt and pepper to taste
- 1 teaspoon sugar
- ½ cup grated parmesan cheese

Instructions:
1. Preheat oven to 400°F (200°C).
2. Place the diced potatoes on a parchment-lined baking sheet.
3. Drizzle with the vegetable oil and season with salt and pepper.
4. Roast in the preheated oven for 25 minutes, or until the potatoes are golden and crispy.
5. While the potatoes are roasting, heat a large skillet over medium heat.
6. Add the tomato paste, oregano, fennel seeds, paprika, and garlic. Stir to combine and cook until fragrant, about 2 minutes.
7. Add the roasted potatoes to the skillet and toss to coat with the tomato mixture.
8. Cook for an additional 5 minutes, stirring occasionally.
9. Add the chopped basil, sugar, and Parmesan cheese.
10. Season with additional salt and pepper to taste, if needed.
11. Serve hot, topped with additional Parmesan cheese, if desired. Enjoy!"
"[""fruit punch"", ""champagne"", ""ginger ale""]","Fruit Punch Champagne Ginger Ale

Ingredients:

-1/2 cup freshly squeezed orange juice
-2 tablespoons freshly squeezed lemon juice
-2 cups pineapple juice
-1/4 cup grenadine syrup 
-1/2 cup chilled champagne
-1/2 cup chilled ginger ale
-1 cup raspberries
-Ice cubes for serving

Instructions:

1. In a large pitcher, combine the orange juice, lemon juice, pineapple juice and grenadine syrup. Stir to combine.

2. Add in the chilled champagne and stir.

3. Before serving, add the ginger ale and raspberries.

4. Serve over ice. Enjoy!"
"[""apples"", ""cinnamon"", ""nutmeg"", ""sugar"", ""milk"", ""Bisquick"", ""eggs"", ""butter"", ""nuts"", ""brown sugar"", ""raisins""]","Apple Cinnamon Biscuit Cake

Ingredients:

-3 apples, peeled and diced 
-2 teaspoons cinnamon 
-2 tablespoons nutmeg 
-4 tablespoons sugar 
-1 cup milk 
-2 cups Bisquick 
-2 eggs 
-3 tablespoons butter, melted 
-3 tablespoons chopped nuts 
-2 tablespoons brown sugar 
-2 tablespoons raisins 

Instructions:

1. Preheat oven to 350°F. Grease a 9x9-inch pan.

2. In a medium bowl, combine the apples, cinnamon, nutmeg, and sugar and mix until the apples are evenly coated.

3. In another bowl, whisk together the milk and Bisquick until smooth.

4. In a third bowl, mix together the eggs, butter, and chopped nuts.

5. Pour the Bisquick mixture into the greased pan and spread it out evenly.

6. Add the apple mixture on top of the Bisquick mixture and spread it out evenly.

7. Sprinkle the brown sugar and raisins on top of the apple mixture.

8. Pour the egg mixture over the top and spread it out evenly.

9. Bake for 25-30 minutes, or until golden brown. Serve warm."
"[""almonds unblanched"", ""flour"", ""whole wheat flour"", ""turbinado sugar"", ""baking soda"", ""eggs"", ""vanilla""]","Whole Wheat Flour Unblanched Almond Cake 

INGREDIENTS: 
- 2 cups whole wheat flour
- 1 cup unblanched almonds, roughly chopped 
- ½ teaspoon baking soda 
- 6 tablespoons turbinado sugar 
- 1 teaspoon vanilla extract 
- 4 large eggs 
- 2/3 cup almond milk 
- 6 tablespoons melted butter 

DIRECTIONS: 
1. Preheat oven to 350°F. Grease and flour an 8” round cake pan. 

2. In a large bowl, combine the flour, chopped almonds and baking soda. 

3. In a separate bowl, whisk together the sugar, vanilla extract, eggs, almond milk and melted butter until combined. 

4. Pour the wet ingredients into the dry ingredients and mix together until just combined. 

5. Pour the batter into the prepared cake pan and bake in preheated oven for 25-30 minutes, or until golden brown and a toothpick inserted into the center of the cake comes out clean. 

6. Allow to cool before serving. Enjoy!"
"[""dried apricots"", ""coconut"", ""condensed milk"", ""confectioners sugar""]","Dried Apricot Coconut Balls

Ingredients:

-2 cups dried apricots
-1/2 cup shredded coconut
-6 tablespoons condensed milk
-3 tablespoons confectioners sugar

Instructions:

1. In a food processor, pulse the apricots until they are finely chopped.

2. Transfer the apricots to a mixing bowl and add the shredded coconut, condensed milk, and confectioners sugar and stir to combine.

3. Scoop out about 1 tablespoon of the mixture and roll it into a ball between your hands.

4. Place the balls on a baking sheet lined with parchment paper and chill in the refrigerator for 30 minutes.

5. Serve and enjoy!"
"[""rice"", ""frozen thawed"", ""celery"", ""onion"", ""margarine"", ""almonds"", ""shredded cheese"", ""mushroom soup"", ""milk"", ""almonds""]","Frozen Thawed Celery and Onion Rice Skillet

Ingredients:

- 2 cups cooked white rice
- 1 cup frozen thawed celery
- ½ cup chopped onion
- 2 tablespoons margarine
- ¼ cup sliced almonds
- ¾ cup shredded cheese
- 1 can (10.5 ounces) cream of mushroom soup
- ¾ cup milk
- ¼ cup sliced almonds

Instructions:

1. Preheat oven to 350°F.

2. In a large skillet, heat margarine over medium heat.

3. Add in onion and celery and cook until onions become soft and transparent, about 5 minutes.

4. Add cooked rice to the skillet and stir to combine.

5. In a separate bowl, mix together cream of mushroom soup and milk.

6. Pour the mixture into the skillet and stir to combine.

7. Sprinkle in the shredded cheese and top with almonds.

8. Cover the skillet with aluminum foil and place into preheated oven for 25 minutes.

9. Remove from oven and let cool for 5 minutes.

10. Serve and enjoy!"
"[""cream of mushroom soup"", ""milk"", ""American cheese"", ""chicken"", ""macaroni"", ""eggs"", ""oleo"", ""bread crumbs""]","Cream of Mushroom Soup with Chicken and Macaroni Casserole

Ingredients:

-2 cans (10.5 ounces each) cream of mushroom soup
-1 cup milk 
-2 cups shredded American cheese
-3 cups cooked chicken
-3 cups cooked macaroni noodles
-4 eggs, beaten
-1/4 cup oleo
-1 cup bread crumbs

Instructions:

1. Preheat oven to 350°F.
2. In a large bowl, combine the mushroom soup, milk, cheese, chicken and macaroni noodles.
3. Pour mixture into a 9x13 inch baking dish.
4. In a separate small bowl, beat eggs and add to soup mixture.
5. Top with oleo and bread crumbs.
6. Bake for 25 minutes or until golden brown. Serve warm."
"[""beef wieners"", ""vegetables"", ""buns""]","Veggie Wiener Buns
Ingredients: 
- 8 beef wieners, sliced
- 1/2 cup of diced vegetables (such as mushrooms, bell peppers, onions, etc.)
- 2 tablespoons of vegetable oil
- 4 hamburger buns

Instructions:
1. Heat the vegetable oil in a large skillet over medium heat.
2. Add the sliced wieners and sauté for about 5 minutes.
3. Add the diced vegetables and continue to sauté until the vegetables are cooked through, about 5 minutes more.
4. Divide the wiener and vegetable mixture among the four buns.
5. Serve warm and enjoy!"
"[""butter"", ""hot milk"", ""bread crumbs"", ""salt"", ""pepper"", ""onion"", ""eggs"", ""grated cheese""]","Buttery French Toast 

Ingredients: 

- 2 tablespoons of butter 
- 1/2 cup of hot milk 
- 2 tablespoons of bread crumbs 
- 1/4 teaspoon of salt 
- A pinch of pepper 
- 1/4 cup of finely diced onion 
- 2 eggs 
- 2 tablespoons of grated cheese 

Instructions: 

1. Heat the butter in a large skillet over medium heat. 

2. In a shallow bowl, mix together the hot milk, bread crumbs, salt and pepper. 

3. Add the onions to the skillet and cook until softened, about 3 minutes. 

4. Dip each slice of bread into the milk mixture, then add to the skillet. 

5. Fry on both sides until golden brown, about 2 minutes per side. 

6. In a separate bowl, whisk together the eggs and grated cheese. 

7. Pour the egg mixture over the French toast and cook until the eggs are set, about 4 minutes. 

8. Serve warm with your favorite toppings. Enjoy!"
"[""sugar"", ""milk"", ""cornstarch"", ""vanilla"", ""bread"", ""milk"", ""eggs"", ""nutmeg""]","Vanilla Bread Pudding

Ingredients: 

- 2 cups of milk
- 1/4 cup of sugar
- 1 teaspoon of vanilla
- 2 eggs
- 2 cups of cubed bread 
- 2 tablespoons of cornstarch
- 1 tablespoon of nutmeg

Instructions:

1. Preheat oven to 350 degrees.

2. In a bowl, whisk together milk, sugar, vanilla, and eggs until combined.

3. Add cubed bread and cornstarch to the mixture and stir until all cubes are evenly coated.

4. Grease an 8x8 inch baking dish with butter or nonstick spray.

5. Pour the mixture into the baking dish and sprinkle the top with nutmeg.

6. Bake for 30 minutes or until golden brown and set in the center.

7. Allow to cool before serving. Enjoy!"
"[""golden raisins"", ""currants"", ""dried cherries"", ""dried apricots"", ""walnuts"", ""lemon"", ""brandy"", ""butter"", ""brown sugar"", ""eggs"", ""flour"", ""salt"", ""baking powder"", ""ground cinnamon"", ""allspice"", ""freshly ground nutmeg"", ""orange juice"", ""brandy""]","Old-Fashioned Fruitcake
Ingredients:

- 2 cups golden raisins
- 2 cups currants
- 1 cup dried cherries
- 1 cup dried apricots
- 1 cup walnuts
- Zest of one lemon
- ¼ cup brandy
- 3 tablespoons butter
- 1/3 cup brown sugar
- 2 eggs
- 1 ½ cups flour
- ½ teaspoon salt
- 1 teaspoon baking powder
- ½ teaspoon ground cinnamon
- ¼ teaspoon allspice
- 1 tablespoon freshly ground nutmeg
- 2 tablespoons orange juice
- 2 tablespoons brandy

Instructions:

1. Preheat oven to 350 degrees F (175 degrees C). Grease and flour a 9x13 inch pan.

2. In a large bowl, combine golden raisins, currants, dried cherries, dried apricots, walnuts, lemon zest, and brandy. Mix until combined.

3. In a separate bowl, cream together butter and brown sugar until light and fluffy. Add eggs, one at a time, beating well after each addition.

4. In a third bowl, sift together flour, salt, baking powder, cinnamon, allspice, and nutmeg.

5. Slowly add the dry ingredients to the butter and sugar mixture, stirring until combined.

6. Add the fruit and nut mixture to the batter and mix until just combined.

7. Pour the batter into the prepared pan and spread evenly.

8. Bake for 45 minutes or until a toothpick inserted into the center comes out clean.

9. Cool in the pan for 10 minutes before turning out onto a wire rack.

10. To make glaze, combine orange juice and brandy in a small saucepan over low heat. Simmer until reduced by half.

11. Once the cake is cool, brush it with the glaze. Enjoy!"
"[""corn tortillas"", ""Vegetable oil"", ""orange"", ""lime juice"", ""salt"", ""oregano"", ""cilantro"", ""red onion"", ""tomato"", ""Freshly ground black pepper"", ""sauce""]","Vegetarian Corn Tortilla Tacos 

Ingredients: 

- 8 Corn Tortillas 
- Vegetable Oil 
- 2 Oranges 
- Juice of 1 Lime
- Salt to Taste 
- Oregano to Taste 
- Cilantro 
- Red Onion 
- 2 Tomatoes 
- Freshly Ground Black Pepper
- Your Favorite Hot Sauce 

Instructions: 

1. Preheat oven to 350 degrees F. Place the corn tortillas on an ungreased baking sheet, and lightly brush with vegetable oil. Bake in the preheated oven for 10 minutes, or until golden brown and crispy.

2. Peel and segment oranges, and place in a small bowl. Squeeze the juice of 1 lime into the bowl, and season with salt and oregano to taste. 

3. Chop cilantro, red onion, and tomatoes. Add to the orange mixture, and stir to combine.

4. Remove tortillas from oven, and top each with some of the orange mixture. Sprinkle with freshly ground black pepper, and drizzle with your favorite hot sauce.

5. Serve warm. Enjoy!"
"[""tart applesauce"", ""lemon juice"", ""sugar"", ""eggs"", ""butter"", ""nutmeg"", ""salt""]","Tart Apple Sauce with Lemon Juice
Ingredients: 
- 2 tart apples, peeled and thinly sliced
- 2 tablespoons fresh lemon juice
- 2 tablespoons sugar
- 2 large eggs
- 2 tablespoons melted butter
- 2 tablespoons freshly grated nutmeg
- Pinch of salt
Instructions:
1. Preheat the oven to 375 degrees F.
2. Grease an 8-inch tart pan with butter or cooking spray.
3. In a medium bowl, combine the apple slices, lemon juice, sugar, eggs, melted butter, nutmeg and salt. Mix until all ingredients are evenly combined.
4. Pour the mixture into the prepared tart pan.
5. Bake in preheated oven for 25-30 minutes, or until golden brown.
6. Allow tart to cool before serving. Enjoy!"
"[""potatoes"", ""butter"", ""garlic"", ""shallots"", ""flour"", ""milk"", ""buttermilk"", ""white pepper"", ""mayonnaise"", ""mustard"", ""worcestershire sauce"", ""parsley"", ""blue cheese"", ""mushrooms"", ""potato chips"", ""broccoli"", ""pimentos""]","Garlic Potato Gratin with Blue Cheese
Ingredients: 
-3 tablespoons butter
-2 cloves garlic, minced
-1 shallot, minced
-3 tablespoons all-purpose flour
-1 cup milk
-1 cup buttermilk
-1 teaspoon white pepper
-1 teaspoon mayonnaise
-1 teaspoon mustard
-2 teaspoons Worcestershire sauce
-2 tablespoons chopped fresh parsley
-2 cups grated blue cheese
-4 cups diced potatoes
-1 cup sliced mushrooms
-1/2 cup potato chips
-1/2 cup cooked broccoli florets
-2 tablespoons diced pimentos

Instructions:

1. Preheat oven to 350 degrees F (175 degrees C).

2. Grease a 9x13 inch baking dish.

3. In a medium skillet, melt the butter over medium heat. Add the garlic and shallot and cook until softened, about 3 minutes.

4. Stir in the flour and cook, stirring constantly, for 2 minutes.

5. Slowly add the milk and buttermilk, stirring constantly to avoid lumps. Continue to cook, stirring constantly, until the mixture is thickened and bubbly.

6. Remove from heat and stir in the white pepper, mayonnaise, mustard, Worcestershire sauce, and parsley.

7. Spread 1/3 of the sauce in the bottom of the prepared baking dish.

8. Layer 1/2 of the potatoes, mushrooms, potato chips, broccoli, and pimentos over the sauce. Sprinkle with 1/2 of the blue cheese.

9. Top with remaining potatoes, mushrooms, potato chips, broccoli, and pimentos. Pour remaining sauce over top.

10. Sprinkle with remaining blue cheese.

11. Cover and bake for 40 minutes.

12. Uncover and bake for an additional 20 minutes, or until potatoes are tender and cheese is melted and lightly browned."
"[""raspberries"", ""sugar"", ""lemon juice"", ""gelatin"", ""cold water"", ""boiling water"", ""whipping cream""]","Lemon Raspberry Gelatin Parfait
Ingredients:
- 1/4 cup fresh lemon juice
- 2 cups fresh or frozen raspberries
- 1/2 cup sugar
- 2 envelopes unflavored gelatin
- 2 cups cold water
- 1 cup boiling water
- 2 cups whipping cream

Instructions:
1. In a medium bowl, combine the lemon juice, raspberries, and sugar and mix until fully combined.
2. Add the gelatin to the cold water and mix until fully dissolved.
3. Add the boiling water to the dissolved gelatin and mix until fully combined.
4. Pour the lemon raspberry mixture into the gelatin mixture and stir until fully combined.
5. Place the mixture in an 8x8 baking dish and place in the refrigerator for at least 3 hours, or until set.
6. In a separate bowl, beat the whipping cream until stiff peaks form.
7. Spread the whipped cream evenly over the top of the gelatin.
8. Serve chilled. Enjoy!"
"[""water"", ""pearl barley"", ""porcini mushrooms"", ""boiling water"", ""olive oil"", ""stalks celery"", ""carrots"", ""onion"", ""cremini mushrooms"", ""thyme"", ""vegetable stock"", ""sherry"", ""salt"", ""ground black pepper"", ""red wine vinegar"", ""parsley"", ""parmesan cheese""]","Pearl Barley Porcini Mushroom Risotto

Ingredients:

- 2 tablespoons of olive oil
- 1 stalk of celery, chopped
- 2 carrots, chopped
- 1 onion, diced
- 8 ounces cremini mushrooms, sliced
- 1/2 cup pearl barley
- 1 teaspoon thyme
- 3 cups vegetable stock
- 2 tablespoons of sherry
- Salt and freshly ground black pepper to taste
- 2 tablespoons of red wine vinegar
- 2 tablespoons of parsley, chopped
- 2 tablespoons of Parmesan cheese, grated
- Boiling water

Instructions:

1. Heat the olive oil in a large skillet over medium heat.

2. Add the celery, carrots, onion, and mushrooms and cook until the vegetables are softened, about 5 minutes.

3. Add the pearl barley and thyme and stir to combine.

4. Pour in the vegetable stock and bring to a boil. Reduce heat to low, cover, and simmer for 30 minutes.

5. Add the sherry, salt, and pepper and simmer for an additional 5 minutes.

6. Stir in the red wine vinegar, parsley, and Parmesan cheese.

7. Gradually add boiling water, stirring constantly, until the desired consistency is reached.

8. Serve hot, sprinkled with additional Parmesan cheese if desired. Enjoy!"
"[""eggs"", ""parsley"", ""fresh chives"", ""gruyere cheese"", ""mustard"", ""salt""]","Parsley, Fresh Chive and Gruyere Gratin
Ingredients:
- 2 tablespoons olive oil
- 2 cloves garlic, minced
- 1/2 cup fresh parsley, chopped
- 2 cups fresh chives, chopped
- 3 cups shredded Gruyere cheese
- 2 tablespoons Dijon mustard
- Salt to taste
Instructions:
1. Preheat oven to 375 degrees F (190 degrees C).
2. Grease an 8-inch square baking dish with olive oil.
3. In a large bowl, combine the garlic, parsley, chives, Gruyere cheese, mustard, and salt.
4. Pour the mixture into the prepared baking dish.
5. Bake for 25 minutes, or until the cheese is melted and bubbly.
6. Serve warm. Enjoy!"
"[""frozen hash browns"", ""onions"", ""sour cream"", ""oleo"", ""salt"", ""shredded cheese"", ""cream of chicken soup""]","Frozen Hash Brown Onion Surprise

Ingredients: 
- 4 cups frozen hash browns 
- 1/2 cup chopped onion 
- 2 tablespoons sour cream 
- 2 tablespoons oleo 
- 1 teaspoon salt 
- 2 cups shredded cheese 
- 1 can cream of chicken soup

Instructions: 
1. Preheat oven to 375 degrees F. 
2. Grease a 9x13 inch baking dish with non-stick cooking spray. 
3. In a large bowl, combine frozen hash browns, chopped onion, sour cream, oleo and salt. Mix until all ingredients are evenly distributed. 
4. Spread mixture into prepared baking dish, and top with shredded cheese. 
5. Pour cream of chicken soup over top of the casserole.
6. Bake in preheated oven for about 45 minutes, or until cheese is melted and bubbly. 
7. Serve warm. Enjoy!"
"[""cornbread"", ""enchilada sauce"", ""salt"", ""ground beef chuck"", ""tomato sauce"", ""cheese blend""]","Enchilada Beef Casserole
Ingredients:
- 2 tablespoons olive oil
- 1/2 cup diced onion
- 1 pound ground beef chuck
- 1 teaspoon salt
- 1/2 teaspoon black pepper
- 1 can (15 oz) enchilada sauce
- 1/4 cup tomato sauce
- 6 to 8 cornbread squares
- 1 cup shredded cheese blend

Instructions:

1. Preheat oven to 350°F.

2. Heat the olive oil in a large skillet over medium heat. Add the onion and cook until softened, about 5 minutes.

3. Add the ground beef, salt, and pepper and cook until the beef is browned and cooked through, about 10 minutes.

4. Pour the enchilada sauce and tomato sauce into the skillet and stir to combine. Bring to a simmer and let cook for 5 minutes.

5. Grease a 9x13-inch baking dish. Place the cornbread squares in the bottom of the dish. Pour the beef mixture over the top and spread evenly. Sprinkle the cheese over the top.

6. Bake in the preheated oven for 20 to 25 minutes, or until the cheese is melted and bubbling.

7. Let cool for 5 minutes before serving. Enjoy!"
"[""sugar"", ""light corn syrup"", ""salt"", ""flour"", ""eggs"", ""margarine"", ""vanilla"", ""pecans""]","Vanilla Pecan Pancakes
Ingredients:
- 2 cups all-purpose flour
- 2 tablespoons sugar
- 2 teaspoons baking powder
- 1/2 teaspoon salt 
- 2 eggs
- 1 cup light corn syrup
- 1/2 cup melted margarine
- 1 teaspoon vanilla extract
- 1/2 cup chopped pecans

Directions:
1. In a large bowl, whisk together the flour, sugar, baking powder and salt. 
2. In a separate bowl, beat the eggs until light and frothy. 
3. Stir in the corn syrup, melted margarine and vanilla extract. 
4. Add the wet ingredients to the dry ingredients and mix until combined. 
5. Fold in the pecans. 
6. Heat a skillet over medium-high heat and grease with butter or margarine. 
7. Spoon the batter onto the skillet, using about 1/4 cup per pancake. 
8. Cook for about 3 minutes, until the edges of the pancakes start to look golden brown. 
9. Flip the pancakes and cook for an additional 2-3 minutes, until the pancakes are cooked through. 
10. Serve warm with butter and syrup. Enjoy!"
"[""brown sugar"", ""butter"", ""egg"", ""vanilla"", ""flour"", ""baking soda"", ""salt"", ""chocolate chips""]","Chocolate Chip Brown Sugar Cookies 

Ingredients: 
- 3/4 cup brown sugar 
- 1/2 cup butter, softened 
- 1 egg 
- 1 teaspoon vanilla extract 
- 1 1/4 cups all-purpose flour 
- 1/2 teaspoon baking soda 
- 1/2 teaspoon salt 
- 1/2 cup chocolate chips 

Instructions: 
1. Preheat oven to 375°F. 
2. In a large bowl, cream together the brown sugar and butter until light and fluffy. 
3. Add the egg and vanilla extract and mix until well combined. 
4. In a separate bowl, mix together the flour, baking soda, and salt; gradually add to the creamed mixture and mix until just incorporated. 
5. Fold in the chocolate chips. 
6. Drop rounded tablespoons of dough onto prepared baking sheets. 
7. Bake for 8–10 minutes, or until lightly golden. 
8. Let cookies cool slightly before transferring to a cooling rack. Enjoy!"
"[""tomatoes"", ""baby portabello mushrooms"", ""extra virgin olive oil"", ""balsamic vinegar"", ""rosemary"", ""oregano"", ""basil"", ""salt""]","Grilled Vegetable Skewers with Balsamic Reduction 
Ingredients: 
- 2 Tomatoes, diced
- 8 Baby Portobello Mushrooms, diced
- 3 Tablespoons Extra Virgin Olive Oil
- 2 Tablespoons Balsamic Vinegar
- 1 teaspoon dried Rosemary
- ½ teaspoon Oregano
- ¼ teaspoon Basil
- Salt to taste

Instructions: 
1. Preheat your grill to medium-high heat.
2. Place the diced tomatoes and mushrooms in a shallow bowl and mix in the olive oil, balsamic vinegar, rosemary, oregano, and basil. Set aside for 15 minutes.
3. Skewer the vegetables onto metal skewers. 
4. Grill the vegetables for about 10 minutes, flipping the skewers occasionally.
5. As the vegetables cook, prepare the balsamic reduction by boiling the remaining marinade in a small saucepan. 
6. Reduce the heat to low and simmer for about 5 minutes, stirring occasionally.
7. Once cooked, brush the cooked vegetables with the reduced marinade and serve warm. Enjoy!"
"[""flour"", ""sugar"", ""oil"", ""milk"", ""eggs"", ""salt"", ""baking powder"", ""vanilla"", ""almond extract"", ""butter"", ""poppy seed""]","Almond Poppy Seed Cake:

Ingredients:

- 2 cups of all-purpose flour
- 1/2 cup of white sugar
- 1/4 cup of vegetable oil
- 1 cup of milk
- 2 large eggs
- 1 teaspoon of salt
- 2 teaspoons of baking powder
- 1 teaspoon of vanilla extract
- 1/4 cup of butter
- 2 tablespoons of poppy seeds
- 2 teaspoons of almond extract

Instructions: 

1. Preheat oven to 350°F (175°C). Grease a 9x13 inch baking pan.

2. In a medium bowl, whisk together the flour, sugar, baking powder and salt.

3. In a separate bowl, beat together the oil, milk, eggs, vanilla extract and almond extract until blended.

4. Pour the wet ingredients into the dry ingredients and mix well.

5. Spread the batter into the prepared pan and sprinkle with the poppy seeds.

6. Bake for 25-30 minutes or until a toothpick inserted comes out clean. Allow to cool before serving. Enjoy!"
"[""pumpkin"", ""milk"", ""eggs"", ""sugar"", ""salt"", ""pumpkin pie spice"", ""margarine"", ""yellow cake"", ""walnuts""]","Pumpkin Pie Spice Cake

Ingredients: 

- 2 cups pumpkin puree
- 1/2 cup milk
- 2 eggs
- 1/2 cup sugar
- 1 teaspoon salt
- 2 teaspoons pumpkin pie spice
- 1/4 cup margarine
- 1 teaspoon baking powder
- 1/2 cup yellow cake mix
- 1/2 cup chopped walnuts

Instructions: 

1. Preheat oven to 350°F.

2. In a bowl, mix together the pumpkin puree, milk, eggs, sugar, salt, and pumpkin pie spice.

3. In a separate bowl, mix together the margarine and baking powder.

4. Add the yellow cake mix and stir until just combined.

5. Fold in the walnuts.

6. Pour the mixture into a greased 9-inch baking pan.

7. Bake for 30 minutes or until a toothpick inserted in the center comes out clean.

8. Let cool before serving. Enjoy!"
"[""tomatoes"", ""tomato paste"", ""garlic"", ""salt"", ""water"", ""olive oil""]","Tomato Sauce with Garlic and Olive Oil

Ingredients:

• 2 tbsp olive oil
• 2 cloves garlic, minced
• 1 can (14 to 16 ounces) diced tomatoes
• 2 tablespoons tomato paste
• Salt and pepper, to taste
• 2 tablespoons water

Instructions:

1. Heat the olive oil in a medium saucepan over medium heat.

2. Add the garlic and cook, stirring, until fragrant, about 30 seconds.

3. Add the diced tomatoes, tomato paste, salt, and pepper and stir to combine.

4. Simmer for 5 minutes, stirring occasionally.

5. Add the water and simmer for an additional 5 minutes.

6. Serve warm. Enjoy!"
"[""ground round"", ""onions"", ""green pepper"", ""basil"", ""pepper"", ""oregano"", ""sugar"", ""garlic"", ""parsley"", ""red kidney beans"", ""hominy""]","Ground Round Onion Soup
Ingredients:
- 1 lb. ground round
- 2 onions, diced
- 1 green pepper, chopped
- 2 cloves garlic, minced
- 2 tablespoons fresh basil, chopped
- 1 teaspoon freshly ground black pepper
- 1 teaspoon oregano
- 2 teaspoons sugar
- 1 tablespoon parsley, chopped
- 1 can red kidney beans
- 2 cups hominy

Instructions:
1. In a large pot, cook ground round until browned. Remove from heat and set aside.

2. In the same pot, add the onions, green pepper, garlic, and basil. Cook until vegetables are soft.

3. Add the ground round back to the pot, along with the black pepper, oregano, sugar, parsley, and red kidney beans. Simmer for 15 minutes.

4. Add the hominy and simmer for an additional 10 minutes.

5. Serve hot. Enjoy!"
"[""crescent rolls"", ""cheese"", ""cream of chicken soup"", ""fresh broccoli"", ""sweet red pepper"", ""water chestnuts"", ""white chicken"", ""chicken"", ""onion""]","Crescent Roll Cheese Bake
Ingredients:
- 2 cans crescent rolls
- 8 ounces shredded cheese
- 1 can cream of chicken soup
- 1 cup fresh broccoli, chopped
- 1/4 cup sweet red pepper, chopped
- 2 tablespoons water chestnuts
- 4 ounces cooked white chicken
- 1/2 onion, diced

Instructions:
1. Preheat oven to 375°F and grease a 9x13 baking dish.
2. Unroll the crescent rolls and layer them in the bottom of the baking dish.
3. In a bowl, mix together the shredded cheese, cream of chicken soup, broccoli, sweet red pepper, water chestnuts, cooked chicken and onion.
4. Spread the cheese mixture over the crescent rolls.
5. Bake for 25-30 minutes or until golden brown.
6. Allow to cool slightly before serving. Enjoy!"